"gene","num_of_experi","mean_rls","mean_rls_rela","std_mean_rls","std_mean_rls_rela","cv_mean_rls_rela"
"FOB1",161,32.3087606832298,1.25279091807497,5.43558321667776,0.226911642349231,0.181124910051154
"TOR1",102,31.9028217647059,1.2421208499312,3.92445050109255,0.175694875773871,0.141447489415866
"SIR2",67,14.2708811940299,0.570008009801869,3.83800522599346,0.178103224614421,0.312457406828947
"RPL20B",68,36.4453186764706,1.45902771725048,3.62704617018373,0.252963335029239,0.173378018826089
"SCH9",77,36.1232142857143,1.40375766913454,3.99044485502274,0.262451478681432,0.186963522588084
"GCN4",65,26.971282,1.05120317873584,3.90646412885073,0.140922380940235,0.13405817618408
"UBR2",60,37.1479166666667,1.40801493335807,3.84319862496124,0.174152102998345,0.123686261326077
"RPN4",45,15.1624824444444,0.58434181460875,2.26978028622031,0.131936561961039,0.225786617802422
"SGF73",42,41.1204388095238,1.60138091864698,4.57934577457235,0.184027217164837,0.114917828120697
"LOS1",38,31.6423921052632,1.23505056102999,3.53106968084985,0.163414835576452,0.132314287959327
"AFG3",34,25.7345588235294,1.022511063688,5.61188543475351,0.259308426050952,0.253599628658958
"GCN2",39,25.8317766666667,0.991885021107134,3.43950455695854,0.149467595204642,0.150690444985053
"HAP4",46,24.6948995652174,0.940658719410306,4.7709277164719,0.191172423668893,0.203232500506388
"YAP1",29,21.4063103448276,0.799578575101708,4.45994510786006,0.182762178712253,0.228573131401132
"ATG1",31,27.5013583870968,1.06205081496687,5.22046132077239,0.248318616923374,0.233810485735676
"PMR1",35,24.1080585714286,0.95990680035131,4.6722697887531,0.220737217478019,0.229956926440393
"PHB1",34,14.2125,0.54168692243335,2.54732665868761,0.0945396468151194,0.174528206053842
"SOD2",32,26.266886875,1.0158625349169,4.57927217140836,0.219430699050316,0.216004322935549
"ATG13",34,28.667025,1.07608422895587,2.96213699937531,0.148324858992126,0.137837592077756
"PNC1",33,28.2578133333333,1.04235661908319,3.81817264366711,0.14838506372723,0.142355371482883
"HXK2",25,33.1538332,1.302294586302,3.72480798052812,0.176660405810775,0.135653182980988
"PHB2",29,14.6448275862069,0.57328825380444,3.13927723789325,0.147346454569292,0.257019838783501
"HAC1",18,29.0206266666667,1.10289982001891,3.24163532461627,0.17140228578263,0.155410566464406
"GPR1",25,34.7298972,1.27034549790315,6.10864401086248,0.299446228060135,0.235720304873284
"HMO1",24,18.9110958333333,0.743552214231502,2.09655709337935,0.0970960998662882,0.130584104260441
"GPA2",22,32.1159090909091,1.15627245624693,4.41407748987034,0.192254820904514,0.166271210445107
"RPL31A",22,33.9461540909091,1.29425187162589,5.47263068161718,0.251340968557677,0.194197879151554
"SOK1",24,36.9235308333333,1.33937490092891,3.81053766299161,0.18589681445644,0.138793712146998
"UBP8",17,34.6338235294118,1.36845024814038,3.38556149765615,0.217967105312041,0.159280255609031
"IDH2",20,30.885,1.17080277919843,4.99807462929477,0.210025720734507,0.179386079761697
"RPL6B",17,33.4088235294118,1.20310395594638,4.34735858360128,0.146691330160924,0.121927394084191
"MUB1",16,33.084375,1.33470080907266,4.28077947536038,0.224264940292934,0.16802637622491
"ISW2",19,29.6408605263158,1.14922443215617,4.05900288626608,0.182706253415341,0.158982221664526
"MRPL49",9,21.6722222222222,0.933299109767442,6.36106865585056,0.37413788412504,0.400876718095517
"RIP1",18,20.6870915,0.8106197259607,5.73404717295225,0.182177264438011,0.224738257167508
"RTG2",16,25.390625,0.937065035093833,6.46213248471431,0.209870608979537,0.223965894702838
"RPL22A",14,36.3232142857143,1.33430107466583,3.31252669489554,0.158573237180401,0.11884367043631
"SPT4",17,36.9374870588235,1.4016505605193,6.44219597283485,0.256717832287517,0.183153946867046
"SIS2",11,37.3409090909091,1.53588822469311,2.0286162995769,0.171115645883042,0.111411522747518
"TIF1",14,30.1214285714286,1.18562398558363,4.12646078030903,0.222161240706728,0.187379171987118
"GLN3",20,22.27375,0.817864028472867,3.41135367289569,0.116442434424321,0.142373830331852
"ALG12",11,31.4681818181818,1.22501163734262,2.95393997292368,0.144986085308635,0.11835486365105
"RPL9A",11,33.2159090909091,1.32096880847205,2.41392503837818,0.159474913659837,0.12072572239181
"WHI5",17,24.7173076470588,0.984438424799415,4.11857852726449,0.154306338258322,0.156745545857541
"IDH1",11,33.125,1.25072400124101,3.48889309093873,0.137369745150306,0.109832181211845
"MAF1",8,29.1543275,1.13321223674153,2.38955754201932,0.177580281692567,0.156705227789621
"CYT1",13,24.1365384615385,0.966799745965905,5.93424573437075,0.225623839706584,0.233371844219062
"RPL19A",10,37.5675,1.52023668898257,3.74750009265436,0.277991408713704,0.182860610277569
"INP51",13,30.6961538461538,1.14506181020029,4.22767230766833,0.124763391814719,0.108957779137614
"PKH2",13,29.9538461538462,1.24788083326233,2.98171242314865,0.188614432675583,0.151147792039156
"INP53",9,31.9583333333333,1.25109886976538,4.18938390458549,0.186333936334724,0.1489362198606
"SOD1",10,2.5854948,0.112893596091501,1.14243394385903,0.0494981849616868,0.438449891538297
"SAM1",8,32.884375,1.35551561533563,3.84682005734235,0.288569117600175,0.212885129714072
"CAF20",12,28.39375,1.06752960017436,4.39335920607869,0.128782035185761,0.120635563795821
"IDP1",6,29.4958333333333,1.1485982145368,7.34279266809752,0.232380297420899,0.202316436226233
"PMC1",11,30.9136363636364,1.22228248919417,4.60673913463151,0.182337225944151,0.149177647193787
"VMA21",10,4.3748432,0.170330033879918,1.66036651546805,0.0654795406841647,0.384427450594694
"ADH1",14,25.0607142857143,0.934924899918019,12.9157801302758,0.480906094688168,0.514379384622591
"SAS2",8,32.353605,1.18032554760074,2.23019168771911,0.125046532483602,0.105942409479982
"TOM1",6,32.2791666666667,1.213036261272,1.99182182101378,0.101617063547068,0.0837708375185024
"SIR3",10,21.92,0.862920468851725,1.53802723570741,0.110728164152232,0.128317925172845
"TIF2",9,32.6722222222222,1.21577236865989,3.65075857794575,0.0766378554494297,0.0630363523838803
"RAD52",6,10.725,0.427179923245853,1.63301867717427,0.0475198628142187,0.111240861820348
"PIB1",7,32.83,1.1593725261681,4.4931067573933,0.147090517364551,0.126870797819151
"RAS2",5,22.88,0.852771342720685,4.52736126236906,0.152007658055327,0.178251367559282
"ADH5",7,27.375,1.08305493267164,3.3962908689726,0.301634927966501,0.278503812565109
"VMS1",7,29.275,1.12593176895077,2.02134443708472,0.106931764517693,0.0949717979956633
"MRPL32",6,26.1083333333333,1.08052171353911,6.4157163798493,0.243177328667007,0.225055476090814
"EAP1",7,15.8444142857143,0.623773784746326,7.50768090478646,0.292296533727562,0.468593808966229
"DBP3",5,31.62,1.32149284043612,2.13793124304782,0.18438893310286,0.139530784776713
"DLT1",9,30.97208,1.14452176327942,5.46057659387724,0.162341084111334,0.141841849862405
"PKH3",4,29.975,1.08653924900681,2.29945645751338,0.0611152149688037,0.0562475907102926
"RFX1",2,27.55,1.16922177237967,0.494974746830583,0.0560977741475752,0.0479787286490584
"SNF1",5,30.608334,1.1932635065065,8.03924888610746,0.276226961429548,0.23148865269353
"PMT1",3,34.4333333333333,1.35822690760003,6.81731863222876,0.38584693483396,0.284081350969366
"DAL80",6,28.6416666666667,0.992342915545423,2.20350100219325,0.0823464931354197,0.0829818924944503
"HRD1",6,32.2166666666667,1.34262244934124,4.57104109220937,0.124428541251463,0.0926757491002133
"PDA1",7,18.3394085714286,0.773981151890828,4.35726809463387,0.204274901823608,0.263927488834278
"RTG1",4,24.54375,0.985904428406327,9.28779160600983,0.378353658288516,0.383763017374929
"HSE1",7,28.3535714285714,1.10504459390868,7.41302947197574,0.253701459707699,0.229584815948761
"YGR130C",6,24.9916666666667,0.952212548577515,6.91400149455196,0.238396102277892,0.250360177078138
"MRPL4",6,27.0875,1.15456301732064,8.70717735549242,0.370270156755142,0.320701556519988
"PKH1",6,32.1291666666667,1.25217595370163,3.16967729692893,0.127794306857119,0.102057787070051
"BUG1",4,38.25,1.38831512229656,5.99013077208392,0.206621868170141,0.148829228214662
"LYS12",4,25.8375,0.992425207848199,4.57718527044733,0.227947859729817,0.229687696289032
"RPL19B",5,32.755,1.14545975282728,5.69968200867382,0.241443375539419,0.210782941036102
"SAP185",4,30.24375,1.03825628030991,4.9318849929143,0.119945386158473,0.115525798815944
"DER1",5,33.35,1.40232100907654,0.522912516583797,0.191089084339461,0.136266292170363
"IRE1",4,24.71875,0.975969861343043,3.94040897835068,0.23713726908613,0.242976016451781
"SPT8",6,30.35,1.17003955998065,2.86452439333304,0.100534201501796,0.0859237627003469
"TIF4631",5,29.49,1.16572465203205,3.61207177392698,0.132649337192505,0.113791311662901
"PMT3",4,29.475,1.09793757755113,3.86237189647329,0.265399474954852,0.241725468169882
"MRPL44",5,32.545,1.28367352716057,3.96162845304806,0.205078787238452,0.159759302423318
"PTR2",9,28.7462966666667,1.11377544962467,2.69499349388825,0.0596496826414422,0.0535562914962287
"TAT2",7,32.7141942857143,1.22305235891623,2.99939544090059,0.0832994190070035,0.0681078110840788
"RPL21B",5,37.035,1.49081841221666,4.91278943167728,0.221975925542511,0.148895347497392
"BPT1",4,27.7625,1.07526481234454,5.10512405987031,0.188121772598844,0.174953900136151
"NST1",3,31.1166666666667,1.28532757795531,0.734988662044071,0.149273644002178,0.116136653847918
"VID30",3,28.7333333333333,1.12039960942337,2.61836462956047,0.0799677844649399,0.0713743416120041
"MTM1",5,32.862564,1.19938990040017,6.9120659191359,0.218124867160196,0.181863184847079
"EOS1",1,33.9,1.23948811700183,NA,NA,NA
"BST1",2,34.4,1.13941464976741,7.70746391493337,0.0631226162366774,0.0553991615340058
"LAT1",6,24.5083333333333,0.955651770321828,2.98758542416224,0.178702121466225,0.186995019541526
"BCS1",8,21.04375,0.843279784146375,4.70496982683509,0.182121466422708,0.215968021345447
"ALG3",2,28.25,1.10431510833212,1.66170093578839,0.0115417676585997,0.0104515165748583
"SAP190",6,30,1.08542817971227,6.09354166310529,0.112999909142226,0.104106297638394
"SOL2",3,21.4,0.917041795926749,7.92511829564708,0.303295250571725,0.330732199905043
"KGD1",6,26.8263883333333,0.964495304752395,3.0609933624261,0.209670065682137,0.217388373638546
"SHY1",4,31.3375,1.23228170858957,2.54406990207948,0.217273429897803,0.176317986693552
"PRE9",2,22.925,0.874810489308638,1.09601551083915,0.03120811136182,0.035674139420166
"YPT6",4,26.75,1.11806119780108,5.7850381733111,0.201769830354744,0.180464030727093
"ALG9",5,27.448684,1.00929641440414,1.42495101995823,0.10584340039623,0.104868499368163
"PMT2",3,29.35,1.11433904027252,2.2951034835057,0.20715302810925,0.185897667247294
"SIP2",6,29.9333333333333,1.14150107255993,4.12854897835386,0.181472739529538,0.158977283413819
"URE2",5,30.715,1.1494764764549,2.64714468814986,0.134485860092235,0.116997487853778
"PDB1",8,11.9738975,0.539928636251253,2.95828140787253,0.158622164245842,0.293783573598101
"PIN3",4,29.8125,1.17180790676153,2.03034274610635,0.129121986387157,0.110190403770192
"SLX8",6,29.2670045,1.02499453272828,10.0316252625445,0.339076608226989,0.330808211556456
"ACO2",3,28.7833333333333,1.13196717232809,3.26241219549789,0.0502212128529813,0.0443663156323629
"PPH22",4,29.55625,1.16569489533307,3.29370453795318,0.126696494622561,0.108687526324254
"PPH21",4,33.95,1.33646445839926,3.22909946166626,0.0868847634150068,0.0650109046065263
"RPS11A",2,29.1,1.20368715083799,5.939696961967,0.390765378742868,0.324640317436987
"SKP2",4,29.54375,1.07872960388336,1.78551754868628,0.193706542457095,0.17956913554589
"EUG1",3,31.0333333333333,1.13671384513117,5.70883817718924,0.360087796925086,0.316779634969198
"RPL13A",6,34.875,1.33468099750342,3.75216604110213,0.158502771035201,0.118757044815718
"COS12",6,28.0611116666667,1.08489505095624,4.70616506455274,0.123132357626437,0.113497022147816
"PMT6",3,30.5583333333333,1.15410165865838,1.92424227511333,0.137609096677996,0.119234814061323
"CHD1",5,30.745,1.13420560494365,2.16083028023952,0.172308645704976,0.151920114795709
"CKA2",7,35.8642857142857,1.25893730670657,4.68554641830547,0.317598532033543,0.252275097688854
"MTG2",3,32.225,1.28092775184748,2.55893044063335,0.159921308230964,0.124848031436832
"ROM2",3,29.475,1.19899338276475,13.4234170388914,0.515797870765371,0.430192424895622
"CLB2",4,26.2375,1.04841218328853,3.42670273975825,0.032985262760035,0.0314621131705765
"TSA1",3,13.55,0.608250361717922,0.589491306127579,0.140562811703872,0.231093675484007
"RPL22B",6,27.4375,1.07757694783269,2.62558326853292,0.0945258517582085,0.0877207441643274
"RIM1",3,29.0166666666667,1.12974959900555,0.505799696849785,0.0441611543956464,0.0390893295598589
"SIN4",5,29.965,1.17952654195164,1.84751522321198,0.162027552532185,0.137366601572267
"AAC1",3,25.2653833333333,1.04238437779252,1.25425971825349,0.017022088470162,0.0163299535495823
"SAP155",4,38.23125,1.27402996185257,1.4478971821231,0.0405064345007354,0.0317939418330751
"AGC1",3,33.05,1.21457205428455,4.72863616701476,0.169856702659822,0.139849012712447
"IDP3",3,29.3666666666667,1.1515424981064,4.56079305969185,0.0903919663140334,0.0784964223749227
"IDP2",3,29.4833333333333,1.15212772183301,6.35813127682445,0.156362538475568,0.135716323383661
"SIR4",4,24.0875,0.851284770580595,0.965552518854706,0.121342105558237,0.142539969880442
"RHO0",6,22.9252133333333,0.862674179997577,3.76898902533115,0.125888273271106,0.145927948453795
"CPR1",3,28.2083333333333,1.09762088242225,0.589667985677817,0.196512126661958,0.179034610045219
"RAD51",7,11.66566,0.435542160805588,1.93629004779759,0.0992210473841139,0.22781043102829
"BOI2",2,35.025,1.32881066302119,0.459619407771255,0.0343645195778288,0.0258611106413742
"TDH3",5,31.854616,1.2771738038549,3.27339327568198,0.123985679510569,0.0970781573630331
"MDM38",5,24.69,0.951599835645813,7.19317384747512,0.268181998201861,0.28182224098416
"MGM1",5,20.89,0.810262320223233,6.27170232074195,0.255536273851918,0.315374746516062
"CPA2",5,28.67,1.12113605267101,6.71905871383782,0.196593615025002,0.175352147990098
"ATG32",6,21.5666666666667,0.883259463276585,3.25939667218746,0.19108643815213,0.216342361556213
"SNF7",3,21.975,0.802751379042528,2.79049726751344,0.113368690228217,0.141225157860751
"POR1",7,13.8839285714286,0.544540140178476,4.0465566270243,0.112734642461774,0.207027240314782
"MTC4",1,33.86667,1.3546668,NA,NA,NA
"TIS11",4,32.225,1.24921323085453,2.05527775900647,0.134118300614802,0.107362215914938
"FLX1",3,25.8333333333333,1.06228338667354,4.71495846570607,0.0336242640460588,0.0316528192645001
"TMA29",2,36.025,1.33902144000887,3.3587572106361,0.0562767064887971,0.0420282340575698
"MNN11",3,27.1916666666667,1.04576644523357,1.82111458544852,0.0445824814129622,0.042631394051857
"MNN9",2,17.718182,0.720735110671745,21.3289115608427,0.877912923872837,1.21807986162156
"HOG1",6,22.7791666666667,0.87809624820109,1.14601665200235,0.0871653516613915,0.0992662841231387
"ARO8",2,29.875,1.11869653724857,2.29809703885628,0.00607845274886398,0.00543351351011946
"JHD2",5,25.52,1.31346495693232,5.66961197966845,0.342087982834293,0.260446981115706
"VMA13",5,5.6213388,0.238062024613063,2.4562017973748,0.127900805521758,0.537258328915095
"ELP4",2,33.675,1.3339987534398,0.106066017177981,0.0536728922450851,0.0402345895051897
"RTN1",3,30.0166666666667,1.16957232537719,1.78629038326173,0.0993307020907516,0.0849290804300774
"LSB1",2,35.375,1.36031315769176,4.91439212924651,0.243571728611425,0.17905562938517
"SLX5",4,28.44375,1.07800937551612,2.39803522006385,0.14250269115056,0.132190586081251
"RPS8A",4,27.86125,1.04861727968698,2.60182748275131,0.0869649820431515,0.0829330049463914
"RPL21A",5,26.307142,0.963133929546921,5.08647885343289,0.193699756923619,0.201114041340792
"AAC3",4,29.30625,1.07640450950312,1.78213063026629,0.0877834649518365,0.0815524871707925
"YMR010W",2,35.5,1.30592533789285,4.59619407771256,0.138678021428358,0.106191385835364
"BRE5",4,28.0479175,0.990923652395392,4.57654343880018,0.273770227783932,0.276277821325728
"YBR238C",4,31.53125,1.12966045397396,4.55802291752319,0.119825734801285,0.106072346234444
"REI1",5,36.165,1.32132282601774,5.25343934960707,0.23225775199002,0.175776689403005
"SCP160",4,26.28125,0.955760231370793,3.32611979890482,0.200000982398171,0.209258531411504
"ACO1",4,27.975,1.08898664071082,3.41821103307953,0.0909757058466253,0.0835416179093274
"AVO2",4,25.9125,1.04913520344843,4.79798134635807,0.120318930600049,0.114683913193046
"RPL12B",4,31.8464275,1.174288309996,2.86492998724664,0.106591049319416,0.0907707659286669
"ARR1",2,28.835525,0.986475778063483,0.828057396108507,0.177980550351165,0.18042059856812
"PMT5",2,30.75,1.2183424226131,3.95979797464466,0.296019154990623,0.242968766002353
"UGA3",5,29.01,1.17479980654073,1.34322373415601,0.200353929341734,0.170543039100158
"MRPL10",3,34.775,1.35935842950634,6.20841163261586,0.191616912319407,0.140961285971496
"CST26",1,36.8,1.42084942084942,NA,NA,NA
"YTA12",6,22.4541666666667,0.915835899400906,2.80447930401825,0.0846005701721115,0.0923752500065274
"RPL37B",3,29.9566666666667,1.22183489969082,4.81909050893769,0.0602513165591658,0.0493121587658135
"UPF3",2,24.4,0.954385227098945,0.141421356237309,0.0279587793662306,0.0292950672038556
"YRO2",2,33.8375,1.25755970873954,1.57331258814007,0.028736300748068,0.0228508440182697
"ATP1",4,6.95,0.297043383184311,1.796292478041,0.101730936367915,0.342478379007662
"FCY2",2,29.8125,1.26058776573581,1.75008928343671,0.254908460619017,0.202213973154202
"YIR042C",6,30.4347216666667,1.17847384908027,2.90674148572188,0.143440410881733,0.121717092826183
"RDS1",6,28.8970766666667,1.10528686359642,6.52618559248407,0.161901263091039,0.146478953494696
"MNN5",2,24.57019,0.849220136777941,7.00715950098184,0.149212324839397,0.175705118587424
"MIG1",6,27.3416666666667,0.971662474781619,2.66873877827461,0.152347659945587,0.156790720954648
"CYC1",3,30.0333333333333,1.25682607961921,0.922406273468114,0.220892059626233,0.175753879719903
"FTR1",2,28.6875,1.23079506051012,2.10364267402998,0.17315456956896,0.14068513526305
"MSH6",1,30.65,1.18568665377176,NA,NA,NA
"NTH1",3,29.8,1.13985596506091,1.71973835219198,0.0493303941432133,0.043277743552956
"YSC84",1,28.65,1.07706766917293,NA,NA,NA
"LSB3",1,36.2,1.448,NA,NA,NA
"ARK1",3,22.675,0.843195789418142,2.7098201047302,0.13066852163396,0.154968185650132
"CUP9",2,31.65,1.26409062338721,5.58614357137373,0.165594075599305,0.130998579164827
"YVH1",1,39.43333,1.96411252323564,NA,NA,NA
"SKM1",2,27.55,1.09300995175439,0.212132034355965,0.135354693700989,0.12383665261577
"TOS3",2,29.8,1.19958303578993,1.34350288425444,0.121174657307824,0.101013980435318
"NOP12",3,30,1.13645101946391,10.94086376846,0.452812222613503,0.398444116691543
"MSS116",5,29.96,1.24112669723278,5.43638206898669,0.37807702986551,0.304624040968963
"SPS1",2,32.175,1.26009383214133,1.23743686707646,0.11794838493568,0.0936028587135019
"RPH1",1,39.75,1.53623188405797,NA,NA,NA
"GGC1",4,22.79375,0.971406332581324,1.98624174007093,0.229722104940776,0.2364840512521
"SIT4",4,25.9375,0.955774519130289,3.40988147399095,0.212941599995335,0.222794807491941
"SOV1",1,34.45,1.33140096618358,NA,NA,NA
"SRY1",4,25.7375,1.07385129444086,1.09573035004056,0.130349174529665,0.121384753368051
"ARG4",4,19.5147425,0.775432238248602,1.29537897873878,0.0894153515176858,0.115310335458376
"PET123",2,31.3,1.24548155667756,2.08596500450031,0.0865494653529372,0.0694907643464557
"MRPL24",3,31.3583333333333,1.23092173195415,2.15179188894589,0.10703842808441,0.0869579481016074
"SMF2",4,22.9,1.02445249627343,2.60608262851865,0.318860092158905,0.311249270531136
"YMR291W",2,28.5,1.16926315789474,0.989949493661165,0.00178637502615551,0.00152777842532205
"MPD1",1,34.9,1.81770833333333,NA,NA,NA
"RAD53",5,4.82,0.171269684807608,1.00349389634417,0.0415216659462167,0.242434415599346
"GCN5",3,26.95,1.06353554564671,3.65615918690639,0.173476618784566,0.163113136645638
"CPR3",3,24.125,0.948797767465275,2.40325300374305,0.254148698449146,0.267863929663439
"RTG3",5,27.85,1.09433791984026,2.80429358306152,0.134789454016572,0.123169865151202
"MNN2",1,30.4,1.15370018975332,NA,NA,NA
"EMP24",2,31.925,1.24017899624443,2.65165042944955,0.141084121370637,0.113761095614323
"ITC1",3,23.325,0.942169480666026,2.03853501318962,0.0833310128642625,0.0884458842854421
"COX6",1,15.2,0.686230248306998,NA,NA,NA
"ARG1",5,28.76,1.07967805597336,6.11600359712124,0.165266191635246,0.153069881082518
"EMP47",3,28.5916666666667,1.18193082693851,3.36640881850873,0.159980503466603,0.135355216921612
"UMP1",2,32.4875,1.13778506314546,1.67937860531805,0.188047487838461,0.165275054076201
"UTH1",4,24.175,0.92964002042656,6.74221773602722,0.234414199396255,0.2521558821109
"RPL2B",5,32.71,1.26736305493696,2.96888026030017,0.187933066573537,0.148286685367268
"RPL20A",4,29.45625,1.15455347854007,12.1647094601556,0.559223747394891,0.484363659015628
"RPL6A",5,31.01,1.25433020025645,9.46192369447144,0.393798856660574,0.313951507011519
"RPL34B",5,35.148234,1.38815994261669,6.20890235365962,0.344410958108879,0.24810610617366
"AAD3",7,27.62881,1.07396418234421,2.38197273900577,0.119694184216492,0.111450815757401
"ATG8",2,32.55,1.22728061878911,4.56083873865323,0.335744483554826,0.273567820117689
"DIE2",1,27.75,1.04914933837429,NA,NA,NA
"PAF1",5,19.0776932,0.679742366856937,10.856359193114,0.398908772841584,0.586852890582794
"YIL055C",3,29.2777766666667,1.16934780572877,2.3633994858325,0.0778154987288199,0.0665460681138602
"SMF1",4,23.5125,1.08140106225873,3.31797503506782,0.166695155893645,0.154147394256731
"FPK1",2,30.6625,1.32731551415464,0.0176776695296652,0.129635254201671,0.0976672485322641
"YPK2",4,28.7,1.15150144966316,3.13475145213567,0.178765563761801,0.155245626320397
"MDJ1",5,18.78,0.660117272964941,9.13151137545149,0.3130484191595,0.4742315221558
"TAT1",3,24.2416666666667,0.917854110874481,4.20834983495115,0.118538352049849,0.12914726931594
"RPL7A",3,33.1918233333333,1.24007889227016,2.87238131939917,0.15719779616624,0.126764351160323
"RPS17A",4,23.275,0.85430753727475,3.38833784226622,0.204793766192587,0.239719020677122
"RPS21A",2,28.00357,1.07431977540033,3.75271468270637,0.188241424305232,0.175219174602913
"TAF14",3,29.75,1.16834761785349,0.776208734813002,0.0163768282561324,0.0140170853313504
"RVS161",2,29.725,1.13164964001131,1.09601551083915,0.0211663948646591,0.0187040176714478
"RPL23A",3,35.3283333333333,1.2685252603365,0.750938301948521,0.251140001678075,0.197977927228232
"CTH1",2,28.325,1.05703745447335,0.813172798364529,0.0532268997286516,0.0503547906494674
"SDP1",1,29.55,1.22360248447205,NA,NA,NA
"DAS2",1,26.55,1.09937888198758,NA,NA,NA
"HRB1",1,26.4,1.09316770186335,NA,NA,NA
"YMR018W",1,33.95,1.358,NA,NA,NA
"INM1",2,22.2125,0.927737959778007,0.0530330085889906,0.0241269666224448,0.0260062298498791
"LYS4",2,31.5125,1.06548528043953,4.86135912065752,0.0811847479799287,0.0761950910729039
"ABP1",1,29.65,1.11466165413534,NA,NA,NA
"YOR111W",2,27.95,1.10703564487208,0.353553390593274,0.0202705950900106,0.0183106977484478
"RPS6A",1,32.7,1.45333333333333,NA,NA,NA
"BSC1",2,34.425,1.18722530571725,5.5507882323144,0.0635027262270415,0.0534883529867795
"YMR173WA",3,31.4833333333333,1.11256949022671,0.775134396948899,0.0812100598843163,0.0729932472512511
"RRP8",2,25.4,0.899199313697455,1.76776695296637,0.129410448944636,0.143917424060865
"PAC2",4,28.425,0.971892319332888,5.15792270848126,0.126046450854032,0.129691786164697
"SYH1",2,29.9,1.14013700220597,5.23259018078045,0.0637077513294741,0.0558772772098534
"STE20",2,18.16346,0.751381411027966,1.29182752068533,0.038748924597745,0.0515702465206486
"SPS19",2,31.175,1.05818390257619,1.73241161390704,0.0243528242306077,0.0230137919990275
"RGM1",1,35.2,1.07235338918507,NA,NA,NA
"TMT1",3,24.93141,1.0550523914937,3.62982823482049,0.175411807589677,0.166258859753245
"ASN1",3,28.5666666666667,1.26140018895319,2.42813371405558,0.199594140685299,0.158232210866354
"TCO89",1,32.7,1.24571428571429,NA,NA,NA
"CBS1",2,32.025,1.19170540515906,2.72236110756821,0.0401924882643271,0.0337268657927776
"PET111",3,25.55,0.925958631240187,2.49649754656398,0.0900205673301656,0.0972187787802098
"ARG81",2,30.2,1.05604645831741,0.565685424949239,0.0276121226757525,0.0261466931291513
"HIS4",3,29.0333333333333,1.20593237795695,1.81268677198609,0.153301459349835,0.127122765879753
"CAD1",7,26.5214285714286,1.02637887137385,5.4660205773836,0.193155269007151,0.188191002751844
"RSM7",2,33.9625,1.35253257424871,1.85615530061469,0.110190563614498,0.0814698039163347
"MRPL51",2,25.2875,1.00970474655458,0.406586399182264,0.12103618242574,0.119872846828493
"RPL29",2,32.9725,1.27741883127796,3.75120147419463,0.10546296623556,0.0825594265978154
"LPD1",2,28.525,1.11101017151867,1.44956890143242,0.241603157957353,0.217462597689001
"ZWF1",2,25.475,0.887897472381969,2.5809397513309,0.0794990312082818,0.0895362738166257
"CRF1",3,26.6927933333333,1.02854548740728,6.75632901864121,0.250794219659167,0.243833863188063
"MHP1",2,29.1125,1.29559930730525,3.05823682863182,0.126971986246196,0.0980025116795472
"ADH3",5,24.52,0.929283513288941,1.70205757834452,0.123692540780051,0.133105278433571
"MTR10",5,25.075,1.01962415834098,2.06397674405503,0.147493439575557,0.144654712590903
"YDR115W",2,28.0125,1.04960840319032,0.265165042944955,0.0262050839845388,0.0249665340948944
"ENO1",2,28.1625,1.18797692101704,5.00278047689482,0.109590436580415,0.0922496343502984
"MSK1",1,25.975,0.997120921305182,NA,NA,NA
"DLS1",2,33.9375,1.3850411700435,1.85615530061469,0.120548091884668,0.0870357462954563
"YGL079W",1,31,1.25607779578606,NA,NA,NA
"DOM34",1,37.35,1.41477272727273,NA,NA,NA
"RTS1",4,34.075,1.28304159465567,1.27295587773759,0.111905180753506,0.0872186694645224
"UBP10",1,19.475,0.790060851926978,NA,NA,NA
"SSM4",6,23.4041666666667,0.938872119743151,2.9572967667562,0.192002244476691,0.204503084540648
"HST4",4,22.10625,0.854067861969857,2.97022551051824,0.0883152678230558,0.103405445580591
"SRB8",2,30.025,1.14399447433474,4.27799602617861,0.14924610918893,0.130460515795516
"GSY1",2,33.275,1.26912534535408,0.883883476483184,0.0491026382660515,0.0386901407696275
"ITR1",2,30.05,1.20297127115309,0.282842712474618,0.150688044869152,0.125263211585022
"TPO3",2,26.675,1.20775039208966,4.49012806053458,0.0545832175009964,0.0451941211184839
"MEP2",2,31.175,1.42643255538591,0.0353553390593279,0.17791690580754,0.124728579094583
"SNQ2",2,30.8375,1.41194081783151,0.371231060122939,0.191375429229307,0.135540687550365
"YGR026W",2,30.65,1.35079094132363,2.12132034355964,0.351731241809356,0.260389103190682
"MUP3",2,21.4875,0.910812108825039,1.997576656852,0.214724150320138,0.235750214824368
"MSB2",2,28.2,1.17413323277065,0.565685424949239,0.216392973443592,0.184300186217335
"PGM2",2,32.4,1.33710869505006,2.82842712474619,0.104035431048767,0.0778062631960315
"TPO1",2,32.425,1.29348681621409,1.66170093578839,0.0839010997747909,0.0648642867658763
"VPS24",2,30.725,1.19881111640176,0.954594154601838,0.147210365793585,0.122796964241905
"VPS60",2,32,1.24766455796658,0.494974746830585,0.133868173809425,0.107295004057502
"DID2",2,32.9875,1.27503042121095,5.70988725808137,0.104348607446714,0.0818400923701961
"CLN3",4,23.13125,0.906737136590246,3.78909482374529,0.10376284962053,0.114435425034787
"GPM2",2,28.95,1.16693903435492,1.8031222920257,0.0560704451537853,0.0480491640977466
"RPL40A",4,35.43125,1.40134450263211,2.08300414065839,0.108170680980688,0.0771906414001085
"RPL39",4,19.0375,0.759130614174868,3.02444898562807,0.0749914912968918,0.0987860190283634
"YBR028C",3,28.7583333333333,0.901221845221089,1.13367029304526,0.125804746133052,0.139593538261592
"ETR1",2,27.375,0.962739512925309,0.601040764008566,0.00699259114780314,0.00726322235030737
"YPR011C",2,29.15,1.0473584376119,0.636396103067894,0.038958655414211,0.0371970607340896
"ALG8",2,27.4625,0.956370901929833,4.18960767853029,0.0388356469685072,0.0406073071547261
"PMT7",2,32.55,1.15346247898278,2.61629509039023,0.125037377221223,0.108401772488942
"MNN10",2,18.707145,0.725280723083697,19.5262517166519,0.785297795021553,1.08275012698901
"MRPL17",2,28.8375,1.28413119579032,1.85615530061469,0.0917288513220659,0.0714326165603441
"MRPL16",2,25.7125,1.03822899689499,7.6897862454037,0.0455627627359663,0.0438850801434267
"SKN7",4,26.08125,0.999850414060799,2.40679376972769,0.198191456864477,0.19822110795508
"OPI3",1,30.65,1.1045045045045,NA,NA,NA
"MEF2",3,27.46111,1.16734606012982,9.59329139536061,0.333920832133968,0.286051277799175
"HIR2",1,37.45,1.22185970636215,NA,NA,NA
"RPP2A",1,33.1,1.34279918864097,NA,NA,NA
"RTT109",2,9.95,0.377826217571366,0.707106781186548,0.0544591634641052,0.144138127349033
"RPS1A",2,31.575,1.14414106449279,10.7126677349762,0.378327242987256,0.330664858318824
"RIM15",4,25.2625,1.02518599816702,3.59197601142695,0.148732294488968,0.145078351396619
"GLK1",3,27.9833333333333,1.07041395468042,1.50443787951957,0.0425377530934197,0.0397395352586931
"MRPL33",3,27.9166666666667,1.19511785102414,9.20194725769135,0.365027580573981,0.305432288758113
"RPL43B",2,34.425,1.3850832093227,2.51022907321225,0.0159370096240057,0.0115061748758032
"TOS8",1,34.325,1.37025948103792,NA,NA,NA
"RED1",1,29.25,1.08938547486034,NA,NA,NA
"NRK1",1,34.35,1.27932960893855,NA,NA,NA
"DBF20",1,33.2,1.1710758377425,NA,NA,NA
"RGS2",1,28.5,1.09615384615385,NA,NA,NA
"YCF1",1,32.35,1.03935742971888,NA,NA,NA
"YKL105C",1,34.2,1.23132313231323,NA,NA,NA
"TLG2",2,30.5375,1.15601306208243,2.10364267402998,0.110437328898627,0.0955329420756603
"INP54",2,31.525,1.15190396590679,1.23743686707646,0.0206654583821856,0.0179402615094892
"RPL4A",1,28.2,1.25333333333333,NA,NA,NA
"KIP3",3,28.45,1.02993435636545,5.62338865809576,0.128890930146545,0.125144801073915
"KIP2",3,31.2666666666667,1.11800760882033,8.70062258308756,0.124316116967947,0.11119433891789
"MAP2",3,32.6083333333333,1.24956390960334,1.0447288324409,0.130951711069048,0.104797929951912
"TMA19",2,33.4,1.25033492822967,5.65685424949238,0.256317749965038,0.204999271937444
"RPS26B",3,28.1583333333333,0.952545525367611,5.12959143922139,0.219090573615324,0.230005356994115
"YBR266C",3,35.9166666666667,1.36338550061895,2.80728219695373,0.118022907453495,0.0865660573622904
"STB2",2,29.025,1.18853087599316,6.68215908221287,0.275299078579983,0.231629723838632
"YEA6",2,26.475,1.03159535967385,0.388908729652602,0.182327833831654,0.176743557560494
"ZTA1",1,30.8,1.28735632183908,NA,NA,NA
"HST3",3,17.0166666666667,0.651329897720271,1.50111069989303,0.037965286855598,0.0582888747906104
"RPL23B",3,32.6083333333333,1.11012466906776,1.7734735220277,0.0477133304856662,0.042980155125941
"VPS34",3,7.55,0.299140869530022,1.4396180048888,0.0449351403279521,0.150213979114754
"TKL1",1,28.85,1.15169660678643,NA,NA,NA
"LYS9",2,28.366665,1.17721601075504,3.0641270281191,0.0480032870276552,0.0407769573205746
"PFK1",3,29.0681633333333,1.1890385797945,7.20209632468445,0.229747422412401,0.19322116735027
"MRP20",1,29.85,0.80349932705249,NA,NA,NA
"SAN1",2,19.975,0.771020380928374,1.23743686707646,0.0891530899152471,0.115630004239186
"AEP2",3,29.7333333333333,1.08630005551249,3.22425702035885,0.112766318144721,0.103807707246706
"DNM1",2,25.2,0.931470528944878,1.5556349186104,0.0526397446621788,0.0565125176013957
"RAS1",2,28.4,1.08848668691396,2.47487373415292,0.019643302949383,0.0180464338108489
"GAT1",3,25.2166666666667,0.890280434925197,2.28272497978476,0.173542115781722,0.194929719865521
"RPD3",3,22.7194433333333,0.838946597642791,7.96922987995912,0.300477716424675,0.358160718773918
"PYC2",3,28.65,1.05712398725099,1.46543508897528,0.1226323688302,0.11600566282589
"PYC1",3,29.0666666666667,1.07170819075163,1.551074896107,0.114390044664107,0.106736185886459
"MDL1",1,29.55,0.94408945686901,NA,NA,NA
"FZO1",2,23.85,0.950105027390666,1.83847763108502,0.0203934970946873,0.021464466039818
"PDC6",4,26.91875,1.0121931567129,2.9479777673291,0.13683087387951,0.135182571599149
"ADH2",3,30.0166666666667,1.10456035301388,5.04240352741957,0.112831786509572,0.102150856856035
"PEP4",2,24.7125,1.03137240218407,1.85615530061469,0.111649166171143,0.108253009228006
"PTC6",1,23.275,0.9199604743083,NA,NA,NA
"SNF2",3,30.7833333333333,1.03481045416687,4.20731010662791,0.267385900930342,0.258391186379745
"SUV3",2,34.35,1.32316476118946,0.95459415460184,0.0430747208578938,0.0325543138098475
"KAP120",1,32,1.17001828153565,NA,NA,NA
"RPL9B",3,26.325,1.0175477463206,1.97151591421424,0.166768755868296,0.163892806476476
"CBP6",2,24.6875,0.949705290895222,1.25511453660612,0.0547307807475504,0.057629225900131
"YNL040W",1,30.75,0.827725437415882,NA,NA,NA
"UBP6",4,18.935855,0.641426868325816,0.777204385881431,0.0879923732550114,0.137182237913856
"YME1",3,13.0666666666667,0.543159517289068,3.99885400250288,0.144363849599927,0.26578536323998
"BUD22",3,26.1,1.01452966403514,7.79823698024111,0.348480377715421,0.343489589382131
"RPS0B",1,21.7,0.806691449814126,NA,NA,NA
"RPS27B",4,20.89375,0.759040769518905,1.06504596927394,0.098163243729299,0.129325390244212
"RPS9B",5,22.733078,0.862901724464572,3.53607387355242,0.148306447936827,0.171869453649372
"RPL35A",5,30.005,1.18835768166648,6.82981515123213,0.300039910529365,0.252482830008392
"RPL13B",5,28.872858,1.1321802217983,9.0941304436664,0.41053329881597,0.362604195791286
"COQ2",4,26.275,1.02298294592217,3.31398551596111,0.167237768649921,0.163480505043185
"VPH1",1,27.55,1.45767195767196,NA,NA,NA
"SIR2'",4,29.9125,1.06381513907672,3.34972013756373,0.115894338905579,0.108942178625285
"ALG6",2,26.5625,0.920221122341455,3.44714555828442,0.198142556439808,0.215320591572213
"VPS74",2,28.498075,1.0437492006822,0.492252385723017,0.0333038490697815,0.031907903783796
"KTR6",2,30.6625,1.12217724531828,1.46724657096209,0.00147856522480237,0.0013175861754201
"MET17",2,26.5125,1.13638821912252,5.49775522372541,0.320800883917993,0.282298670929293
"MIG3",4,25.75625,0.876317554280895,7.17827669082211,0.221347200884748,0.252587888720756
"MIG2",5,29.05,1.10138950550584,3.94049489277679,0.0523363071083359,0.0475184363449144
"RRD1",2,33.116665,1.25308936936188,0.872096006440806,0.472858503218515,0.377354173437217
"GPH1",3,23.1833333333333,0.873585845774117,8.38098045179282,0.201075716400568,0.23017281858818
"YPK1",4,22.18125,0.897620308206534,3.2608392963571,0.227489330871425,0.253436033912773
"MET6",3,25.775,1.19880686007709,0.368272996566407,0.226434711742709,0.188883396720092
"RPL8B",1,30.15,1.28943412445712,NA,NA,NA
"RPP1A",3,27.8682533333333,1.00068117872702,8.91681804978846,0.277328640877393,0.277139859100964
"PSP2",1,22.25,1.15885416666667,NA,NA,NA
"SGF11",2,37.05,1.24820931018478,0.459619407771255,0.190961061020238,0.152988012076252
"SPT20",2,6.5589245,0.225912067591164,0.00889893884123243,0.0295448977788823,0.130780520464936
"PCH2",1,30.3,0.972712680577849,NA,NA,NA
"DPB4",1,26.325,1.08668730650155,NA,NA,NA
"YER187W",1,35.7,1.34844192634561,NA,NA,NA
"BAS1",1,40.4,1.45673094431862,NA,NA,NA
"YDR248C",1,31.95,1.07939189189189,NA,NA,NA
"RPS22B",1,28.75,1.15083688858538,NA,NA,NA
"CRC1",1,31.6,1.25,NA,NA,NA
"LIN1",1,37.45,1.47940155540606,NA,NA,NA
"YHR130C",1,34.2,1.46404109589041,NA,NA,NA
"SSF1",1,43.93333,1.7789906319534,NA,NA,NA
"TDH2",2,27.7875,1.18141732318902,0.123743686707646,0.106955416137322,0.0905314439173919
"SEC28",1,33.1,1.27675988428158,NA,NA,NA
"YPC1",2,28.15,1.08692204845825,1.83847763108502,0.0724674180941824,0.0666721391814381
"SDS3",1,35.7,1.36650717703349,NA,NA,NA
"SET6",1,32.75,1.26570048309179,NA,NA,NA
"SAS3",2,29.0125,1.20550396128177,0.618718433538229,0.13394976797022,0.111115162017217
"HSP12",1,27.2,1.03030303030303,NA,NA,NA
"URK1",2,27.725,1.05425749620245,0.24748737341529,0.0398620596654788,0.0378105536921161
"CAN1",2,32.5125,1.24120996143795,0.406586399182262,0.0890459412008465,0.0717412395705284
"YBT1",1,26.85,0.966696669666967,NA,NA,NA
"MBP1",1,34.75,1.14876033057851,NA,NA,NA
"UGP1",3,28.025,0.936127106593267,2.10816863651843,0.0757503465848936,0.0809188688708765
"YJL022W",1,36.65,1.39089184060721,NA,NA,NA
"FUN12",3,30.1166666666667,1.13387404936371,1.12509258878251,0.0460711042519534,0.0406315889121962
"YGL042C",1,31.95,1.29457050243112,NA,NA,NA
"SCH9SUPPRESSOR",4,20.2125,0.784436396996037,7.75750980233563,0.259795865204829,0.331187928300759
"IRC24",2,27.125,1.06257375076428,4.84368145112785,0.0486124380621557,0.0457497072812028
"LOC1",2,37.65,1.4097398421101,4.87903679018718,0.0315594583626735,0.0223867251388989
"SGS1",3,10.9666666666667,0.404683333927772,0.927811043981119,0.0369776205032436,0.0913742113972091
"SSD1",4,26.04375,0.974896422900555,3.10647006262735,0.0899255073925464,0.0922410886738061
"TAL1",2,28.675,1.14615960702671,2.93449314192417,0.115096199496722,0.100418998184116
"RPE1",2,28.025,1.01215086962404,7.7428192539927,0.45986615929733,0.454345466766377
"MIP1",3,27.2,1.30643050061953,2.27541205059655,0.29498951028726,0.225798088874511
"HOT1",1,31.5,0.95963442498096,NA,NA,NA
"COX16",3,32.53205,1.40435913471789,2.00547229038449,0.581294407812488,0.413921477378549
"MCX1",1,26.05,0.959484346224678,NA,NA,NA
"PET494",2,26.375,0.933495478038605,3.92444263558534,0.0302898853786609,0.0324478115762316
"MRPL23",2,29.4875,1.17039184082969,3.05823682863182,0.0378449270001652,0.0323352621574472
"RSM23",2,30.4625,1.20907725506609,3.1643028458098,0.0388985653648751,0.0321721091037718
"MRPS9",2,29.875,1.19994142621236,2.12132034355964,0.246989343886793,0.205834500327586
"RSM25",2,32.5,1.3055414562908,2.36880771697493,0.27113347401039,0.207678946312983
"MRP2",2,31.525,1.2463176183423,5.09116882454314,0.0323549533959965,0.0259604397144213
"MRPL15",2,27.5625,1.10342577503906,0.618718433538229,0.174371552342931,0.15802744170695
"MRPL37",2,27.875,1.10876717018357,2.01525432638166,0.0707812704898361,0.0638378122957208
"NDT80",2,32.9625,1.36773858921162,4.04818632229299,0.16797453619473,0.122811871741918
"IES4",1,29.15,1.22736842105263,NA,NA,NA
"TUM1",1,29.55,1.24421052631579,NA,NA,NA
"DSE3",1,26.8,1.12842105263158,NA,NA,NA
"YPL077C",1,28.35,1.19368421052632,NA,NA,NA
"MSH3",1,29.1,1.22526315789474,NA,NA,NA
"HMG1",2,21.45,0.84596828838596,0.353553390593274,0.0794213443891328,0.0938821767665338
"YDR048C",1,32.25,1.17915904936015,NA,NA,NA
"ATG19",2,29.575,1.3164321761169,1.52027957955108,0.0583566612283843,0.0443294096628054
"CRN1",2,29.7125,1.32219410317584,3.80069894887769,0.159837024159714,0.120887715181753
"TUP1",2,21.5875,0.961697399421763,3.97747564417433,0.183883395147689,0.191207125295599
"YMR295C",2,29.8,1.32671111210209,0.141421356237309,0.0156928125385405,0.0118283569010561
"AGX1",2,29.6875,1.32163853523304,0.265165042944955,0.00244379029819875,0.0018490610201282
"PMP1",2,26.2875,1.17073401859573,2.66932809897922,0.127127022404899,0.10858745059564
"TCB3",2,29.5875,1.317024905795,1.29046987566545,0.0481216470224875,0.0365381450348805
"ARO10",2,30.85,1.37318929444729,1.5556349186104,0.0595286294789184,0.0433506361574706
"EDE1",2,15.275,0.679749455580578,1.83847763108502,0.0770319490233289,0.113324031951648
"DSE4",2,28.9875,1.29029632767732,1.39653589284343,0.0530328772024161,0.0411013160813078
"BRR1",2,26.475,1.17838190372138,1.76776695296637,0.0703522555415857,0.059702423568633
"MDL2",1,24.65,0.787539936102236,NA,NA,NA
"RPS1B",2,23.2125,0.831388174807198,6.34628336114926,0.166954757916145,0.200814448623668
"PDC1",3,29.8666666666667,1.10965643942408,0.652559065015064,0.136921794219624,0.123391159060625
"ADH4",3,31.0333333333333,1.18896101107283,5.66840659562574,0.382091676479165,0.32136602707804
"YBR096W",1,26.325,0.785234899328859,NA,NA,NA
"ISW1",2,28.775,1.01873799347972,2.51022907321224,0.105188378058481,0.10325361253995
"RPL16B",3,31.2428566666667,1.12876472448218,3.65710879603456,0.0729265057169822,0.0646073571712983
"AQY1",1,29.425,1.12955854126679,NA,NA,NA
"TMA10",1,26.45,1.01535508637236,NA,NA,NA
"YGL165C",1,29.775,1.14299424184261,NA,NA,NA
"HSP104",3,31.6055566666667,1.05879093084251,3.67367835141202,0.066431224645052,0.0627425327417481
"INH1",2,28.440385,1.0741378324393,3.12486750062303,0.194206337440507,0.180802064293254
"YUR1",1,33.05,1.25426944971537,NA,NA,NA
"REV3",1,26.95,0.967684021543986,NA,NA,NA
"YOS9",2,27.4625,1.00825223881349,0.194454364826302,0.0782506655113133,0.0776102075442932
"RAD57",2,22.375,0.971722433230843,9.08632213824714,0.340696981172026,0.350611418982327
"PEX19",1,31.55,1.10026155187446,NA,NA,NA
"MRPL31",1,29.65,1.13384321223709,NA,NA,NA
"RPP1B",1,32.65,1.39635237689967,NA,NA,NA
"BUL1",1,35.05,1.82552083333333,NA,NA,NA
"YBR197C",1,35.4,1.40336967294351,NA,NA,NA
"MET3",2,30.2625,1.13404579245346,0.300520382004283,0.104766448000616,0.0923829079017689
"RNR1",1,4.7,0.184313725490196,NA,NA,NA
"HHO1",1,27,1.05882352941176,NA,NA,NA
"RAV2",1,31.85,1.21913875598086,NA,NA,NA
"PET130",2,34.7875,1.40972060926072,3.83605428793702,0.0363256158578616,0.0257679540323322
"FRE8",1,30.3,1.15980861244019,NA,NA,NA
"SOL1",3,25.6166666666667,1.05991616153139,11.5130722803834,0.400222310904487,0.377598083159933
"HOR7",1,31.8,1.02415458937198,NA,NA,NA
"COX7",2,25.4,0.977549467275495,2.05060966544099,0.351400858534867,0.359471177979615
"VPS4",3,25.7833333333333,0.977394777444878,2.55799400572662,0.23774184364384,0.243240345794919
"PET10",1,30.6,1.17692307692308,NA,NA,NA
"KEL3",1,32.55,1.25192307692308,NA,NA,NA
"PHO87",1,33.1,1.26698564593301,NA,NA,NA
"ATP2",1,13.225,0.481346678798908,NA,NA,NA
"YOL092W",1,27.25,1.26450116009281,NA,NA,NA
"YDL062W",1,33.35,1.21937842778793,NA,NA,NA
"YFL042C",1,36.7,1.40478468899522,NA,NA,NA
"REC8",1,30.3,1.10786106032907,NA,NA,NA
"IMG2",1,25.05,1.24626865671642,NA,NA,NA
"REG1",2,17.4125,0.724175090307501,2.84610479427585,0.105197775994757,0.145265664896161
"SWI5",2,30.925,1.19414047396103,4.70226009489054,0.183184530356444,0.1534028318702
"RRD2",1,41.775,1.18091872791519,NA,NA,NA
"GPM3",1,30.475,1.21656686626747,NA,NA,NA
"RPL26A",3,30.1833333333333,1.18300519505351,5.84044804217393,0.158230642761493,0.133753125872229
"BMH2",2,32,1.2981093143603,0.883883476483184,0.0302717319126712,0.0233198634181196
"NHX1",2,12.025,0.571650084308718,5.19723484172112,0.369450794881731,0.646288358950386
"RPS24A",4,16.7029775,0.645076023459894,3.29820860895098,0.142402010053791,0.220752291009068
"ACB1",3,27.2166666666667,1.07548416369323,1.91071539830853,0.170932151767546,0.158935070862003
"MET16",1,30.15,1.21206030150754,NA,NA,NA
"ECM17",1,35.925,1.44422110552764,NA,NA,NA
"MET10",1,35.15,1.41306532663317,NA,NA,NA
"PET54",1,30.75,1.18840579710145,NA,NA,NA
"MRP21",1,27,0.928421137329648,NA,NA,NA
"MRPL9",1,32.6,1.12027491408935,NA,NA,NA
"PPE1",1,24.35,0.961907286358812,NA,NA,NA
"ROM1",3,28.7833333333333,1.05641032717428,4.9943301185778,0.0562571820472143,0.0532531541959578
"MSG5",2,30.529165,1.24088071833178,3.81248641892007,0.0974719069423295,0.0785505854852587
"SNF4",2,23.2875,0.808093866100538,3.19965818486913,0.0516672079027581,0.063937136600329
"SLA1",3,12.45,0.475252803804025,10.2287584779386,0.319120950480337,0.671476207875103
"DOT1",1,26.825,0.983501374885426,NA,NA,NA
"RPL34A",2,27.3,1.03412237658724,9.75807358037436,0.338874759156526,0.327693092064078
"RPL43A",2,21.65476,0.752601389040612,16.4823196582035,0.583025118130503,0.774679832671743
"RPP2B",1,39.15,1.58823529411765,NA,NA,NA
"HIR1",1,35.05,1.14355628058728,NA,NA,NA
"YER186C",1,29.75,1.19086599775357,NA,NA,NA
"IPK1",1,36.51429,1.43810948040368,NA,NA,NA
"VHS1",1,33.68571,1.32670630882126,NA,NA,NA
"YDR124W",1,35.35,1.26929982046679,NA,NA,NA
"HOS2",3,27.6333333333333,1.05717184290697,1.01159939369957,0.02230828796595,0.0211018559713126
"PRK1",1,36.3,1.28042328042328,NA,NA,NA
"RIC1",2,22.1,0.873872614788312,8.69741340859454,0.42880471042326,0.490694757069523
"VPS51",2,31.82361,0.991489221044866,0.210166277504265,0.159992142272113,0.161365488273798
"STE11",1,17.9,0.706114398422091,NA,NA,NA
"ISM1",1,32,1.15211521152115,NA,NA,NA
"INP52",1,30.825,1.10981098109811,NA,NA,NA
"SSO2",2,25.65,1.04904171364149,1.83847763108502,0.0693554565538101,0.0661131541786455
"KIP1",1,25.6,1.13777777777778,NA,NA,NA
"TIF4632",1,26.625,1.03498542274052,NA,NA,NA
"HBS1",2,37.2,1.38393939393939,5.65685424949238,0.249844396019247,0.180531313085946
"MSW1",2,34.015,1.19553595658073,0.190918830920365,0.0654529506276068,0.0547477892800516
"UBP3",3,27.8166666666667,1.08910112794039,1.4742229591664,0.0808025255339706,0.0741919399962214
"YKR075C",2,29.925,1.15602307908809,3.28804653251745,0.023623297193032,0.0204349702184724
"YHR009C",1,36.25,1.39423076923077,NA,NA,NA
"TUB3",1,37.75,1.48155416012559,NA,NA,NA
"MSN1",1,32.25,1.34375,NA,NA,NA
"PIC2",3,26.1166666666667,1.02965355132245,2.93442214640861,0.0963822476069404,0.0936064829603614
"NEM1",2,17.625,0.703783242375104,11.4904851942814,0.482022677682792,0.684902181040967
"SET2",3,24.3583333333333,0.956535582411858,1.43925617363044,0.11339977926402,0.118552598930076
"RPL1B",2,31.975,1.26861642791821,5.40936687607709,0.0915235253528856,0.0721443640006106
"RPL12A",2,30.716665,1.22624022584482,0.542117555932291,0.146827660691153,0.119738088505452
"QDR2",1,27.25,0.733512786002692,NA,NA,NA
"YIL108W",1,31.75,0.85464333781965,NA,NA,NA
"MFA2",1,30.4,1.37556561085973,NA,NA,NA
"MRPL38",2,30.45,1.16234908494947,2.54558441227157,0.100296752071716,0.0862879778290323
"MMS22",3,14.4666666666667,0.584804652749205,10.8988913809311,0.3792324742902,0.648477183803862
"SOL4",1,28.8,1.08987701040681,NA,NA,NA
"GND2",1,34.3,1.04493526275704,NA,NA,NA
"GND1",1,37.55,1.14394516374714,NA,NA,NA
"YKR043C",1,32.05,0.976389946686976,NA,NA,NA
"MGR2",2,17.4,0.603414928889807,3.18198051533946,0.0714110261760987,0.118344811765735
"PFD1",1,29.975,0.896783844427824,NA,NA,NA
"MCH4",1,28.55,0.854151084517577,NA,NA,NA
"LAC1",1,30.375,0.908750934928945,NA,NA,NA
"DIA3",1,28.775,0.860882572924458,NA,NA,NA
"ZEO1",1,32.825,0.952139231327049,NA,NA,NA
"RCO1",1,33.725,0.978245105148658,NA,NA,NA
"TPK2",3,23.0666666666667,0.896636421098059,3.88340486343278,0.0460387518730282,0.0513460649040412
"MCH5",3,30.2394733333333,1.02505960236865,1.61935339939537,0.0889469543741069,0.0867724707603079
"YHI9",2,30.475,1.23675303454715,9.86413959755234,0.352645573764019,0.28513823205871
"HPR1",3,8.43333333333333,0.330555078177631,2.92418079696405,0.0880324837310805,0.266317142112621
"YAR1",1,21.2,0.775137111517367,NA,NA,NA
"ATP17",1,30.65,1.12065813528336,NA,NA,NA
"GZF3",2,28.4,1.10723901534006,2.47487373415292,0.167401506967407,0.151188230046241
"HST2",1,26.2,0.970969854350816,NA,NA,NA
"STF1",1,30.9,1.22134387351779,NA,NA,NA
"TOM70",3,16.4416666666667,0.646778584919093,2.58485170432142,0.0740358497543975,0.114468616433333
"HYR1",3,21.8,0.801074977978648,6.35393578815524,0.206862354601518,0.258230952517695
"RAD50",2,11.325,0.46662314293324,2.43951839509359,0.0378452034260062,0.0811044287004444
"SDH4",2,30.9,1.25824019154606,5.44472221513642,0.114372384425977,0.090898689450893
"YPR064W",1,31.45,1.24677898909812,NA,NA,NA
"PUF4",2,28.425,1.07750067573655,2.36880771697494,0.0241049573591982,0.0223711760948277
"AKR1",2,15.65,0.780055152677694,6.29325035256027,0.435548479431567,0.558356005900943
"PUT3",3,25.7277766666667,1.04279447079501,2.30050345134132,0.118082336670418,0.113236443016804
"ERG6",2,28.325,1.14588957055215,0.459619407771255,0.0366133817988616,0.0319519286498257
"YEH1",1,32.65,1.25576923076923,NA,NA,NA
"YMR148W",1,29.3,1.12692307692308,NA,NA,NA
"GAP1",2,20.775,0.862130352246361,0.67175144212722,0.175289697910341,0.203321571330376
"PDR5",2,25.1375,1.03053983764157,2.28041936932662,0.180268134542843,0.174925925188292
"MEP1",2,23.6,0.958614718614718,7.63675323681471,0.419733687603028,0.437854415806988
"RAD6",2,16.525,0.558464907979471,0.601040764008564,0.0564927257435167,0.101157163030901
"BUD8",1,31.025,1.241903111943,NA,NA,NA
"CLN2",2,32.3875,1.17386236494224,0.229809703885625,0.0511589066056623,0.0435816907786968
"DOA4",3,27.2333333333333,0.995379356680944,2.48310960960915,0.162680458778817,0.163435636560989
"BNA2",3,28.3717933333333,0.941810304157942,0.655073162427934,0.122375552276996,0.129936518783802
"DUR1,2",2,23.658335,1.09168526503181,4.8672493201448,0.128495469035938,0.117703767882398
"NCS2",1,34.175,1.22821203953279,NA,NA,NA
"PBP1",1,28.25,1.15541922290389,NA,NA,NA
"LEM3",3,30.6083333333333,1.25125599726541,2.56543531068966,0.184820450873323,0.147707944079583
"NPR2",1,23.15,0.89815712900097,NA,NA,NA
"CCC1",2,22.075,0.849739516429685,6.39931636973826,0.036164558096386,0.0425595813742277
"MVP1",2,29.44,1.13594976883451,4.7517575695736,0.0802955160428296,0.0706857981275113
"FIT2",2,28.175,1.26515631025209,3.57088924499207,0.472067348189076,0.373129663397098
"FET3",2,27.2,1.08552853875985,1.20208152801713,0.182090143881533,0.167743304187618
"VMA5",3,5.55,0.228846584109742,1.31053424220812,0.0687443283793944,0.30039481972966
"YOR135C",1,30.7,1.22078127615782,NA,NA,NA
"RPS29A",1,25.15,1.05010438413361,NA,NA,NA
"BAG7",1,28.96667,1.15185564718705,NA,NA,NA
"RPL17B",1,17.95,0.699083635717838,NA,NA,NA
"ERG4",1,26.65,1.07982171799028,NA,NA,NA
"RPS12",1,34.2,1.32046332046332,NA,NA,NA
"SAP4",1,29.35,1.04262877442274,NA,NA,NA
"RPL14A",3,23.9277766666667,0.919268006361726,6.43718145849822,0.267247605795857,0.290717836307137
"GTR1",1,22.85,1.19010416666667,NA,NA,NA
"YNG1",1,24.65,1.28385416666667,NA,NA,NA
"YPT52",1,30.3,1.578125,NA,NA,NA
"LTV1",1,33.9,1.765625,NA,NA,NA
"CPR8",1,28.4,0.934210526315789,NA,NA,NA
"RPL31B",2,25.525,0.984514939026107,4.34870670429727,0.104318660051507,0.105959448573427
"HIR3",1,31.95,1.04241435562806,NA,NA,NA
"VPS36",1,19.45,0.624398073836276,NA,NA,NA
"RPS23A",3,26.8477766666667,1.01981649164849,5.47490050408529,0.225501063628285,0.221119255743522
"SAC3",2,15.7125,0.610322151645984,0.0176776695296639,0.0299869175856385,0.0491329333283521
"YLR422W",1,31.25,1.12680302004844,NA,NA,NA
"VBA5",1,29.06667,1.15298175327251,NA,NA,NA
"YDR274C",1,35.12,1.25813696139146,NA,NA,NA
"UBP2",1,27.6,1.02985074626866,NA,NA,NA
"SIN3",2,18.708335,0.693329362980774,0.223919504398343,0.0082984384951132,0.0119689702155934
"PDC5",1,37.25,1.60733549083064,NA,NA,NA
"PYK2",1,33.1,1.42826321467098,NA,NA,NA
"AGE1",1,29.525,1.2740021574973,NA,NA,NA
"ICL1",2,28.975,1.06607527146543,3.46482322781408,0.0880927434833525,0.0826327613455099
"PHD1",1,29.45,1.19715447154472,NA,NA,NA
"CIT3",1,30.575,1.22055888223553,NA,NA,NA
"RKM3",1,30.4,1.19098922624878,NA,NA,NA
"RKM1",1,30.375,1.19000979431929,NA,NA,NA
"RRM3",1,18.3,0.700478468899522,NA,NA,NA
"FMP43",1,28.7,1.09856459330144,NA,NA,NA
"SNC2",1,24.4,0.933971291866029,NA,NA,NA
"EMI5",1,31.75,1.22350674373796,NA,NA,NA
"YNL034W",1,33.05,1.1657848324515,NA,NA,NA
"SFG1",1,31.7,1.11816578483245,NA,NA,NA
"CHA1",1,34.3,1.20987654320988,NA,NA,NA
"FUS1",1,33.35,1.17636684303351,NA,NA,NA
"MRPL20",1,32.7,1.25047801147228,NA,NA,NA
"MRPS5",1,27.7,1.05927342256214,NA,NA,NA
"MRPL6",1,30.6,1.17017208413002,NA,NA,NA
"MRPL40",1,31.9,1.21988527724665,NA,NA,NA
"NTO1",1,27.3,0.824773413897281,NA,NA,NA
"UBC7",1,30.75,1.16037735849057,NA,NA,NA
"RPL33B",1,26.8,1.10314759291549,NA,NA,NA
"YBL083C",1,36.7,1.39278937381404,NA,NA,NA
"RPA49",1,19.85,0.789264413518887,NA,NA,NA
"YGL072C",1,19.1,0.759443339960239,NA,NA,NA
"MAD3",1,35.65,1.40631163708087,NA,NA,NA
"KEL1",1,28.45,1.1238711415568,NA,NA,NA
"NPL4",2,28.575,1.14538338016861,1.02530483272049,0.0561768093122512,0.0490462933939042
"DSK2",1,35.175,1.364694471387,NA,NA,NA
"MNN1",1,30.825,1.16982922201139,NA,NA,NA
"ARP1",1,36.5,1.30590339892665,NA,NA,NA
"VPS52",1,30.85,1.07585004359198,NA,NA,NA
"RTC2",1,25.8,0.737142857142857,NA,NA,NA
"ATP11",1,32.2,1.39680374863953,NA,NA,NA
"SSO1",1,31.4,1.16512059369202,NA,NA,NA
"ERG5",1,29.15,1.08163265306122,NA,NA,NA
"HMT1",1,30.2,1.18315377081293,NA,NA,NA
"ATG5",1,29.75,1.21428571428571,NA,NA,NA
"MRT4",1,39.2,1.42545454545455,NA,NA,NA
"TIP41",1,34.8,1.26545454545455,NA,NA,NA
"SAL1",1,28.6,1.07116104868914,NA,NA,NA
"TPM1",1,29,1.08614232209738,NA,NA,NA
"ERV29",1,20.75,0.856553147574819,NA,NA,NA
"SFP1",2,21.225,0.84154298521337,1.44956890143242,0.0108804726707524,0.0129291941848861
"ERV25",1,31.1,1.28379772961816,NA,NA,NA
"PHO88",1,28.85,1.1799591002045,NA,NA,NA
"SST2",1,29.9,1.19839679358717,NA,NA,NA
"PET8",1,25.7,1.11496746203905,NA,NA,NA
"YIA6",1,24.7,1.07158351409978,NA,NA,NA
"YPT31",1,20.95,0.908893709327549,NA,NA,NA
"BCK1",2,22.025,0.757235626200969,5.76292026667036,0.0304144153061348,0.0401650612487993
"SPO7",2,18.475,0.619009188576986,14.7785317267988,0.415002920427289,0.670430953345494
"MNN4",1,21.9,0.915360501567398,NA,NA,NA
"YPT32",1,27.35,1.14315569487983,NA,NA,NA
"YUH1",1,30.4,1.09156193895871,NA,NA,NA
"OAR1",1,33.9,1.21723518850987,NA,NA,NA
"RPL35B",1,29.7,1.22896534772892,NA,NA,NA
"RPL2A",1,24.6,0.857142857142857,NA,NA,NA
"RPL8A",1,28.45,1.21672971279619,NA,NA,NA
"ZDS1",2,27.7,1.06345646340744,1.06066017177982,0.0328622007282435,0.030901312709078
"PDE2",2,18.55,0.711516630300171,1.20208152801713,0.00310143697887302,0.004358910033578
"LAG2",2,28.8,1.09954038155334,5.72756492761104,0.143622594617441,0.130620572947528
"YBR090CA",1,30.8,0.82907133243607,NA,NA,NA
"PRO2",1,12.6,0.420701168614357,NA,NA,NA
"SOL3",2,32.975,1.15506561444061,0.459619407771255,0.22683549510368,0.196383211713504
"NAP1",1,20.1,0.755639097744361,NA,NA,NA
"CAR1",1,27.7,1.20872709691242,NA,NA,NA
"GDH3",2,31.275,1.20691748916228,0.67175144212722,0.252489241401476,0.209201742181007
"VPS15",3,31.8166666666667,1.19957939448805,4.4396884275063,0.112675600278116,0.09392925620084
"MDH1",2,22.875,0.801467784601644,3.3587572106361,0.0363272908777537,0.0453259526779477
"KGD2",2,24.7625,0.858405999630034,8.75044641718353,0.219872266828642,0.25614017949945
"OMS1",2,33.0375,1.07008316849311,0.795495128834866,0.0679575872460769,0.0635068275503994
"AIF1",2,31.284615,1.01329170056201,0.728864456843658,0.0635612237250948,0.0627274689902637
"MAM33",2,33.375,1.08174351428448,1.94454364826301,0.105588685780771,0.0976097239192722
"AIM32",2,31.5625,1.02149512155848,0.512652416360248,0.0237226252619455,0.0232234347098517
"COX17",2,26.1,0.932837936532504,0.353553390593274,0.0412065468559473,0.0441733180461315
"MTF1",2,32.725,1.16044680796629,3.78302127934803,0.0758482496229698,0.0653612462908968
"RSM18",2,30.4,1.07607963788557,5.65685424949238,0.146659528711934,0.136290589979113
"TDH1",1,33.05,1.31936127744511,NA,NA,NA
"HXK1",1,29.45,1.15151515151515,NA,NA,NA
"MRPL39",1,23,0.778781126273265,NA,NA,NA
"COX10",3,28.3333333333333,1.0546439292952,3.19426569548204,0.104833262507223,0.0994015701368333
"PET122",1,31.175,1.2048309178744,NA,NA,NA
"AEP1",1,24.9,0.96231884057971,NA,NA,NA
"PET112",1,30.95,1.19613526570048,NA,NA,NA
"CBS2",1,26.15,1.01062801932367,NA,NA,NA
"MSS51",1,21.85,0.844444444444445,NA,NA,NA
"DSS1",1,28.9,1.11690821256039,NA,NA,NA
"PET309",1,35.35,1.36618357487923,NA,NA,NA
"RPL27B",1,22.9,0.891867145289053,NA,NA,NA
"RPL7B",1,24.76,0.993456667474486,NA,NA,NA
"MDH3",1,20.175,0.734303912647862,NA,NA,NA
"MDH2",1,30.025,1.09281164695177,NA,NA,NA
"LSC2",1,37.025,1.34758871701547,NA,NA,NA
"LSC1",1,27.1,0.986351228389445,NA,NA,NA
"FUM1",1,30.95,1.12647861692448,NA,NA,NA
"ACH1",1,31.2,1.13557779799818,NA,NA,NA
"YGR012W",1,28.3,1.03284671532847,NA,NA,NA
"CYS3",1,28.55,1.22008547008547,NA,NA,NA
"YER091CA",1,27.475,1.23206278026906,NA,NA,NA
"HOM2",1,11.625,0.521300448430493,NA,NA,NA
"MET7",1,15.2,0.681614349775785,NA,NA,NA
"HOM3",1,9.675,0.433856502242152,NA,NA,NA
"ATP5",1,29.275,1.25643776824034,NA,NA,NA
"VMA6",2,3.2916665,0.130606774938753,0.0589253293966186,0.018177101524581,0.139174262078709
"CUR1",1,35.25,1.28884826325411,NA,NA,NA
"IRC21",1,28.75,1.05118829981718,NA,NA,NA
"SMY2",1,31.15,1.13893967093236,NA,NA,NA
"HUA1",1,30.8,1.12614259597806,NA,NA,NA
"DSF2",1,32,1.17001828153565,NA,NA,NA
"IMG1",1,31.95,1.16819012797075,NA,NA,NA
"YIL089W",1,35.7,1.30530164533821,NA,NA,NA
"ATO2",1,34.55,1.26325411334552,NA,NA,NA
"COA1",2,24.491665,1.07950384421503,6.63501627311117,0.0203912734290008,0.0188894866269129
"SCO2",2,28.55,0.977353723112078,0.989949493661165,0.0356621823552742,0.0364885112850639
"TPD3",2,11.5125,0.428303905372592,0.123743686707645,0.0524289650321153,0.122410663023271
"YKU70",3,22.2666666666667,0.781014914189902,4.3830164650995,0.182017872309586,0.233053004497848
"MBA1",2,29.9625,1.05314498499275,2.98752615051316,0.139385709710617,0.132351871486694
"MMR1",2,22.95,0.843028913697513,8.34386001800126,0.270144864391509,0.320445550564402
"CUP2",2,26.475,0.912954540044002,5.40936687607709,0.347536291957265,0.380672067133282
"YCR101C",1,31.1,1.13711151736746,NA,NA,NA
"YGR051C",1,30.75,1.12431444241316,NA,NA,NA
"TOM71",3,21.5333333333333,0.95877646274819,4.92197453603057,0.411999149272922,0.429713458017094
"YCL006C",1,30.8,1.21487607869557,NA,NA,NA
"ERV41",1,28.8,1.18885448916409,NA,NA,NA
"GDH1",1,27.8,0.760601915184679,NA,NA,NA
"ICY2",1,27.275,1.02441314553991,NA,NA,NA
"PFK2",1,31.05,1.23952095808383,NA,NA,NA
"TGS1",1,30.4,1.25490196078431,NA,NA,NA
"VMA2",3,5.895699,0.263988734384427,1.31030912223147,0.0836476018651306,0.316860498082168
"SPT23",1,25.05,0.993062438057483,NA,NA,NA
"VPS1",1,36,1.42715559960357,NA,NA,NA
"ARV1",1,29.75,1.13875598086124,NA,NA,NA
"COG1",1,31,1.1866028708134,NA,NA,NA
"CGR1",1,17.8,0.68133971291866,NA,NA,NA
"LYP1",1,33.45,1.28038277511962,NA,NA,NA
"SCO1",1,34.9,1.33588516746411,NA,NA,NA
"CTK2",1,36.8,1.40861244019139,NA,NA,NA
"YKR073C",1,38.6,1.47751196172249,NA,NA,NA
"YGL082W",1,33.4,1.27846889952153,NA,NA,NA
"HTA1",1,29.45,1.12727272727273,NA,NA,NA
"XDJ1",1,30.5,1.16746411483254,NA,NA,NA
"YOL014W",1,32.7,1.19561243144424,NA,NA,NA
"POC4",1,32.75,1.19744058500914,NA,NA,NA
"COX5B",1,27.8,1.14168377823409,NA,NA,NA
"GTT2",1,26.75,1.07,NA,NA,NA
"GIC2",1,27.8,1.06923076923077,NA,NA,NA
"PST1",1,29.95,1.15192307692308,NA,NA,NA
"YEL020C",1,28.85,1.10961538461538,NA,NA,NA
"ZRT1",1,26.4,1.01538461538462,NA,NA,NA
"TGL3",1,27.45,1.05576923076923,NA,NA,NA
"RCY1",1,17.45,0.671153846153846,NA,NA,NA
"YER128W",1,30.95,1.19038461538462,NA,NA,NA
"UGX2",1,28.35,1.08516746411483,NA,NA,NA
"YNL213C",1,28.5,1.04204753199269,NA,NA,NA
"DGK1",1,36.35,1.3290676416819,NA,NA,NA
"TIR4",1,30.5,1.16746411483254,NA,NA,NA
"FLO10",1,29.2,1.1177033492823,NA,NA,NA
"YDR269C",1,29,1.11004784688995,NA,NA,NA
"IWR1",1,38.25,1.46411483253589,NA,NA,NA
"DST1",2,26.2375,1.04768959933345,8.43224836564958,0.0444047113559334,0.042383461078724
"RPB9",2,13.66081,0.568409007071961,2.88385015425559,0.0199804847900449,0.0351515977781039
"KRE6",1,3.9,0.180974477958237,NA,NA,NA
"SUR1",1,13.6,0.631090487238979,NA,NA,NA
"YML018C",1,25.75,1.19489559164733,NA,NA,NA
"CSI2",1,17.35,0.805104408352668,NA,NA,NA
"FMP42",1,31,1.4385150812065,NA,NA,NA
"HXT2",1,26.8,1.16017316017316,NA,NA,NA
"PML39",1,27.95,1.20995670995671,NA,NA,NA
"CRP1",1,19.05,0.947761194029851,NA,NA,NA
"SED1",1,27.9,1.04494382022472,NA,NA,NA
"VAC8",1,19.95,0.677994902293968,NA,NA,NA
"FKS1",1,19.5,0.904872389791183,NA,NA,NA
"SNA2",1,20.6,0.955916473317865,NA,NA,NA
"SCW4",1,26.85,1.24593967517401,NA,NA,NA
"PUF6",1,27.4,1.27146171693735,NA,NA,NA
"RAI1",1,37.75,1.75174013921114,NA,NA,NA
"MRH1",1,23.75,1.10208816705336,NA,NA,NA
"YEL045C",1,26.25,1.00478468899522,NA,NA,NA
"YDL172C",1,28.1,1.02742230347349,NA,NA,NA
"YDL063C",1,32.9,1.25933014354067,NA,NA,NA
"YDL011C",1,28.3,1.03473491773309,NA,NA,NA
"OCA5",1,29.1,1.11387559808612,NA,NA,NA
"YBR013C",1,37.25,1.36197440585009,NA,NA,NA
"RIT1",1,30.05,1.59416445623342,NA,NA,NA
"BEM4",2,19.225,0.937636375399201,0.459619407771257,0.140712698227028,0.150071714279556
"VPS21",1,32,1.19514472455649,NA,NA,NA
"SDH2",1,35.125,1.35356454720617,NA,NA,NA
"SDH1",1,34.85,1.34296724470135,NA,NA,NA
"RMT2",1,31.875,1.24877571008815,NA,NA,NA
"GYP5",1,34.1,1.27357609710551,NA,NA,NA
"NCR1",1,28.6,1.0631970260223,NA,NA,NA
"VCX1",2,30.65,1.33100255427842,1.27279220613579,0.343755039921659,0.258267753744486
"SPF1",2,25.025,1.19331869863785,0.318198051533946,0.168080149552561,0.140851014690729
"NPT1",2,20.725,0.873239150732757,3.71231060122937,0.00163622321794475,0.00187374010495493
"ANP1",1,25.025,0.946124763705104,NA,NA,NA
"MET14",1,28.35,1.13969849246231,NA,NA,NA
"MRPL13",1,18.75,0.930343333903944,NA,NA,NA
"MRPL22",1,21.32432,1.05807674464184,NA,NA,NA
"FMO1",1,22.65,1.12128712871287,NA,NA,NA
"GSH1",1,30.8,1.26618705035971,NA,NA,NA
"ARO9",1,20.5,0.808678500986193,NA,NA,NA
"KIN82",2,31.35,1.35155113572787,2.61629509039023,0.0200671318539148,0.0148474825135696
"SUC2",2,25.5875,1.26493448930291,2.03293199591132,0.137953535204333,0.109059825920595
"URA8",2,19.153125,0.911838914663978,9.01119204274606,0.269765307118849,0.295847548048835
"URA7",2,27.575,1.37177587147048,0.353553390593274,0.240178755877656,0.175086004115378
"URA4",2,23.425,1.16805146420444,0.282842712474618,0.233078974447324,0.199545124157756
"URA1",2,20.9125,1.03886241992037,0.583363094478901,0.16644743956126,0.160220868875032
"URA2",2,21.8875,1.10130625375076,2.3864853865046,0.323481637359611,0.293725415848605
"PEP12",2,19.732145,0.773019034826368,0.873778920580029,0.0253384559259583,0.0327785666127222
"RPS28A",2,26.525,1.02317392567748,3.21733585439879,0.164142932495806,0.160425249682864
"WSC3",1,29.4,1.13953488372093,NA,NA,NA
"WSC4",1,23.15,0.904296875,NA,NA,NA
"RAD34",1,34.36,1.16553595658073,NA,NA,NA
"YBL053W",1,36.8,1.36044362292052,NA,NA,NA
"RPS30A",2,28.416665,0.954740660604733,1.15493871891542,0.23499878159062,0.246138863973566
"CPR7",2,21.275,0.739903521992623,6.39931636973826,0.153839125048632,0.207917816953121
"MPT5",2,24.573075,0.896860530963721,7.45725418041051,0.158827051901283,0.177092252828448
"RPS23B",2,26.1,0.970476859695889,2.12132034355964,0.0767574909780621,0.0790925514721856
"YDR307W",1,35,1.31296905819604,NA,NA,NA
"ZAP1",1,13,0.548060708263069,NA,NA,NA
"RPS17B",1,29.25,1.18661257606491,NA,NA,NA
"IRC6",1,27.66667,1.30503160377358,NA,NA,NA
"TRK1",1,29.15,1.49640657084189,NA,NA,NA
"HFI1",1,4.205128,0.169772253719635,NA,NA,NA
"RPL26B",2,27.775,1.05000387791742,6.89429111656884,0.223639111992408,0.212988843846914
"SET1",2,31.58173,1.05342509069136,4.1814476662754,0.0349725608333135,0.0331989062557464
"SPP1",2,27.8375,0.933892293529167,0.512652416360245,0.0955058674606914,0.10226646918755
"BLM10",2,28.779485,0.885557190422908,0.594698016181322,0.0211884781647018,0.0239267191253712
"STP22",1,23.6,0.757624398073836,NA,NA,NA
"GLT1",1,29.15,0.797537619699042,NA,NA,NA
"SPT3",2,24.628945,0.80314990619137,11.9798808686084,0.278388072418581,0.34662031368307
"NMD4",1,28.8,1.15283834404379,NA,NA,NA
"SRS2",2,15.5375,0.575818477556328,0.760139789775538,0.028170718357428,0.0489229148689002
"SLT2",2,24.125,0.894070524282955,0.176776695296637,0.0065513298505646,0.0073275314112595
"FBP1",2,25.25,1.00943306012052,1.90918830920368,0.0782643374744498,0.0775329643603167
"SPO13",2,27.9,1.03753086933924,3.7476659402887,0.0566683033759966,0.0546184263530262
"PAC10",2,21.825,0.835418459392896,6.54073772597557,0.214284239871534,0.256499287826673
"RPL36A",1,30.16,1.14309017905128,NA,NA,NA
"CAF40",1,35.425,1.3974358974359,NA,NA,NA
"PEX5",1,28.32,1.06237953508891,NA,NA,NA
"AKL1",1,29,1.22191028397616,NA,NA,NA
"NCL1",1,26.96,1.12646255243211,NA,NA,NA
"PHO2",1,28.95,1.08671171171171,NA,NA,NA
"FUS3",1,25.5,1.00591715976331,NA,NA,NA
"PMA2",1,31.2,1.19631901840491,NA,NA,NA
"RSM19",1,31.3,1.08529819694868,NA,NA,NA
"NUP170",1,10.35,0.448972633491276,NA,NA,NA
"MDM31",1,19.4,0.841552569056112,NA,NA,NA
"PDX1",1,21.9,0.950000065068498,NA,NA,NA
"BSC2",1,31.36,1.13623188405797,NA,NA,NA
"ZIP1",1,28.25,1.04013254786451,NA,NA,NA
"MTL1",1,28.75,1.123046875,NA,NA,NA
"SFC1",1,28.95,1.07063609467456,NA,NA,NA
"YPL009C",1,28.85,1.126953125,NA,NA,NA
"RPS11B",1,22.25,0.988888888888889,NA,NA,NA
"CDC2510",1,35.2,1.5042735042735,NA,NA,NA
"SCP1",2,28.9,1.089568175477,3.60624458405139,0.0532762079143943,0.0488966263089232
"GCN20",1,28.875,1.09790874524715,NA,NA,NA
"GCN3",1,25.6,0.973384030418251,NA,NA,NA
"BXI1",2,25.05,0.931168831168831,2.33345237791561,0.0562012142969048,0.0603555578920735
"PSK2",2,30.575,1.13705627705628,2.01525432638166,0.0375899189306096,0.0330589784244682
"PSK1",2,27.95,1.0391341991342,2.33345237791561,0.052650375049388,0.0506675413948035
"GAS4",1,32.3,1.34583333333333,NA,NA,NA
"AZF1",1,26.95,1.16919739696312,NA,NA,NA
"SLX1",1,25.7,1.11496746203905,NA,NA,NA
"PHO85",2,12.35,0.524796974629698,0,0.0463368517902726,0.0882948150053045
"KIN1",2,21.983335,0.895383863779711,1.67348840583077,0.0617559555614851,0.0689714859287198
"SET3",2,22.7,0.844474800301824,1.76776695296637,0.0219051683105847,0.0259393984317301
"ZDS2",2,29.45,1.13138932299345,0.565685424949239,0.0565425842492855,0.0499762399203873
"SOH1",2,20.225,0.773323701126378,3.14662517628014,0.067199538708623,0.0868970375675076
"RAD16",2,23.95,0.91873193961196,1.48492424049175,0.00658338639380945,0.00716573149355191
"LAG1",2,27.75,1.06613050657546,0.494974746830585,0.0547416658018895,0.0513461208212928
"CDC73",2,22.35,0.85712943032376,1.5556349186104,0.000388331184749623,0.000453060145890615
"VPS8",2,34.1875,1.21785493893323,0.406586399182267,0.0986085302366582,0.0809690276602514
"VPS3",2,28,0.991808769890077,4.24264068711928,0.082168571107213,0.0828471915168888
"HUR1",2,24.975,1.03861555592214,4.27799602617861,0.360181787630708,0.346790287875979
"TKL2",2,27.68013,0.980133115642287,1.79586737645072,0.248272979107365,0.253305367551702
"GDH2",2,31.35,1.07461451559891,6.64680374315355,0.124867146672852,0.116197152430293
"DIP5",2,24.675,0.991818099305797,1.87383297014435,0.201846728121299,0.203511841801009
"AGP1",2,22.6,0.908181742809928,1.62634559672906,0.181276359130421,0.199603615207622
"GNP1",2,27.725,1.1121817274182,1.23743686707646,0.192075786384981,0.172701800119359
"LAP3",2,31.105265,1.07367324902053,2.67955993410299,0.218326867800976,0.203345727389731
"MSD1",2,32.2,1.10439336133113,0.70710678118655,0.106465426528859,0.0964017262839541
"MRS4",1,20.8,0.681379216361487,NA,NA,NA
"GCV3",1,29.95,0.981120554328199,NA,NA,NA
"PAM17",1,24.55,0.804224027003583,NA,NA,NA
"EHT1",1,20,0.655172323424507,NA,NA,NA
"AIM22",1,26,0.851724020451859,NA,NA,NA
"COX19",1,26.9,0.881206775005962,NA,NA,NA
"SAM37",1,19.5,0.638793015338894,NA,NA,NA
"YDR282C",1,33.4,1.09413778011893,NA,NA,NA
"CTP1",1,19.75,0.657237936772047,NA,NA,NA
"MAE1",1,23.1,0.768718801996672,NA,NA,NA
"RSF2",1,18.95,0.630615640599002,NA,NA,NA
"CAT5",1,22.6,0.752079866888519,NA,NA,NA
"GLO4",1,15.25,0.507487520798669,NA,NA,NA
"COQ5",1,27.2,0.992700729927007,NA,NA,NA
"CRD1",2,17.775,0.728837185725872,2.01525432638166,0.0397496664809347,0.0545384720475627
"LTE1",1,28.76316,0.860528347045625,NA,NA,NA
"PPA2",1,25.9,0.888267292317791,NA,NA,NA
"YKU80",2,25.375,0.983802901591996,1.59099025766973,0.29873360414335,0.303651883583529
"NCA3",2,25.075,0.950913242009132,0.601040764008566,0.24700305370215,0.259753511456283
"ATP14",2,26.95,0.999619482496195,4.80832611206852,0.107088469905725,0.107129234454605
"ATP7",2,27.9,1.07191780821918,1.90918830920368,0.372926179118933,0.347905572852167
"PSGF",2,23.05,0.817375886524823,2.33345237791561,0.0827465382239577,0.101234376482239
"TEF2",2,26.375,0.934455270150576,0.459619407771255,0.0162841242788753,0.0174263282567301
"HMG2",2,29.675,1.27569860857083,4.34870670429727,0.166761818501997,0.130721956880411
"PHO84",2,23.55,0.893738140417457,2.33345237791561,0.0885560674730781,0.0990850266630831
"MET32",1,27.65,0.983985765124555,NA,NA,NA
"NUP84",2,14.825,0.638177349818328,9.22774349448444,0.393337570020888,0.616345237155252
"ADH7",2,26.675,0.923177408072022,5.90434162290767,0.124872231625154,0.135263526309574
"ADH6",2,27.425,0.953382097995681,3.28804653251745,0.0311519259268443,0.0326751739856829
"NDI1",1,31.275,1.23616600790514,NA,NA,NA
"NDE1",1,29.05,1.14822134387352,NA,NA,NA
"STF2",1,33.75,1.33399209486166,NA,NA,NA
"MDM1",1,33.725,1.33300395256917,NA,NA,NA
"UGO1",1,27.775,1.09782608695652,NA,NA,NA
"MKS1",1,22.95,0.867674858223062,NA,NA,NA
"ALO1",2,25.3,0.937471059415452,3.39411254969543,0.0641509313970669,0.0684297725809983
"RAD23",2,26.575,0.942221878606984,0.530330085889911,0.105029352213522,0.111469872010191
"YBR226C",1,31.83333,1.17034301470588,NA,NA,NA
"GTO3",1,30.05882,1.1555857812005,NA,NA,NA
"HOP1",2,26.275,1.16625985084239,0.459619407771257,0.0742829041673906,0.0636932705123442
"RAD55",2,12.1,0.606152601252836,0.494974746830583,0.0958542303437353,0.158135476356313
"MRE11",2,7.4828945,0.296155892517192,0.47078391673941,0.0444771069822996,0.150181401437818
"YNL120C",1,19.45,0.744497607655502,NA,NA,NA
"COQ1",2,21.914285,0.911307800365076,8.04081526478814,0.356412959406344,0.391100525271004
"THR1",1,3.418605,0.124417329162075,NA,NA,NA
"GEM1",2,31.375,1.33510638297872,3.21733585439879,0.136907908697821,0.102544569064503
"YLH47",1,31.2,1.39910313901345,NA,NA,NA
"UBX3",1,31.1,1.19615384615385,NA,NA,NA
"DOT5",1,32.875,1.33421266233766,NA,NA,NA
"YKL077W",1,24.55,1.13921113689095,NA,NA,NA
"FMP45",1,28.625,1.2489092495637,NA,NA,NA
"RPS7A",2,20.95,0.980439720647134,2.40416305603426,0.102418552118933,0.104461855188132
"MTH1",2,26.025,1.14463420541401,1.94454364826301,0.230598979696792,0.201460849768496
"COQ9",2,19.725,0.923512953744413,3.99515331370399,0.0381289365677423,0.0412868454233883
"COQ3",1,22.75,1.20689655172414,NA,NA,NA
"COQ4",1,18.35,0.973474801061008,NA,NA,NA
"SWI4",1,11.25,0.477707006369427,NA,NA,NA
"PHO80",2,18.875,0.805717263981767,7.03571247280615,0.356286221723468,0.442197576805963
"THI2",1,33.5,1.2416604892513,NA,NA,NA
"POS5",2,13.075,0.533603114008035,0.954594154601839,0.0317500811030051,0.0595013040019984
"STV1",2,26.05,1.23797572873548,3.32340187157677,0.374299583813772,0.302348079308547
"TDP1",1,25.8,0.990403071017274,NA,NA,NA
"EPT1",2,25.95,0.959097305961886,0.777817459305203,0.12408627418386,0.129378190734686
"ART5",2,25.9325,0.901434740116339,1.00055609537896,0.215473436674475,0.239033872431703
"MRPS28",1,32.28,1.09497964721845,NA,NA,NA
"CHO1",2,7.9625,0.297230900566574,1.67937860531805,0.0674957274985297,0.227081798594531
"DNF1",1,27.025,0.976513098464318,NA,NA,NA
"TRM9",1,23.9,0.950298210735587,NA,NA,NA
"CHO2",1,23.275,0.838738738738739,NA,NA,NA
"NPR1",1,34.15,1.23731884057971,NA,NA,NA
"VPS27",2,30.23707,1.1379413057449,0.725392562548033,0.130140087531822,0.114364499183577
"FTH1",1,28.9,1.04936214032114,NA,NA,NA
"SUS1",1,25.45,1.02208835341365,NA,NA,NA
"YGR242W",1,33.1,1.22365988909427,NA,NA,NA
"SWR1",1,28.3,0.989510489510489,NA,NA,NA
"AMD2",1,24.84,0.90989010989011,NA,NA,NA
"MTC6",1,28.85,1.23501712328767,NA,NA,NA
"SAC6",1,8.733333,0.321078419117647,NA,NA,NA
"YBR242W",1,29.02857,1.12079420849421,NA,NA,NA
"RPS9A",1,27.9,1.03589121731327,NA,NA,NA
"RPS22A",1,25.85,0.959777346507097,NA,NA,NA
"RPL24A",1,24.72,1.01056597417824,NA,NA,NA
"CAM1",1,23.75,1.0157233982042,NA,NA,NA
"RPL38",1,26,1.03342370491143,NA,NA,NA
"RPL11B",1,29.05,1.19576259605205,NA,NA,NA
"RPL37A",1,26.6,1.10068950335317,NA,NA,NA
"RPL24B",1,24.1,0.992009589151614,NA,NA,NA
"RTC5",1,26.95,1.07438105485483,NA,NA,NA
"YGR066C",1,25.4,1.01258919455705,NA,NA,NA
"YCL075W",1,26.35,0.950120306504845,NA,NA,NA
"BIO3",1,30.26667,1.20058191193971,NA,NA,NA
"YML010CB",1,23.95,0.863581834565124,NA,NA,NA
"OAF3",1,25.4,0.909928212395873,NA,NA,NA
"FMP46",1,26.9,0.963664130450748,NA,NA,NA
"YDR250C",1,31.48,1.12773780024496,NA,NA,NA
"YKR045C",1,29.95,1.07292716382899,NA,NA,NA
"YRR1",1,27.35,0.961094474005469,NA,NA,NA
"LCB4",1,30.8,1.22475776239938,NA,NA,NA
"LEU9",1,28.3,1.05597014925373,NA,NA,NA
"LEO1",1,25.85,0.96455223880597,NA,NA,NA
"YGR067C",1,27.35,1.0205223880597,NA,NA,NA
"MUP1",1,23.35,0.871268656716418,NA,NA,NA
"REC104",1,26.3,1.03893887602615,NA,NA,NA
"YAP1801",1,24.3,0.959932117392982,NA,NA,NA
"YHR139CA",1,27.85,1.10016911396685,NA,NA,NA
"YHR113W",1,29.5,1.1945423586745,NA,NA,NA
"RTT107",1,15.5,0.612302379407046,NA,NA,NA
"SPS100",1,30.15,1.191026886395,NA,NA,NA
"GGA2",1,24.6,0.971783131187958,NA,NA,NA
"AHT1",1,30.55,1.20682823812163,NA,NA,NA
"YHR096W",1,27.1,1.07054157947942,NA,NA,NA
"YHR097C",1,27.1,1.07054157947942,NA,NA,NA
"YPT35",1,31.15,1.26135574483765,NA,NA,NA
"SBE22",1,23.75,0.938205258768861,NA,NA,NA
"RTC3",1,23.65,0.934254920837203,NA,NA,NA
"DOG1",1,27.5,1.08634293120605,NA,NA,NA
"OSH3",1,26.15,1.03301336912866,NA,NA,NA
"KSP1",1,29.4,1.16139935190756,NA,NA,NA
"SPO71",1,26.7,0.928157482252899,NA,NA,NA
"DOS2",1,28.48,1.06467289719626,NA,NA,NA
"YDR056C",1,30.2,1.12897196261682,NA,NA,NA
"YDR336W",1,31.16,1.10339943342776,NA,NA,NA
"DDP1",1,27.8,1.0996835443038,NA,NA,NA
"YOR105W",1,25.32,1.00158227848101,NA,NA,NA
"YOR097C",1,30.56,1.20886075949367,NA,NA,NA
"YGR107W",1,29.76,1.17721518987342,NA,NA,NA
"SPR3",1,28.84,1.14082278481013,NA,NA,NA
"RSC1",1,27.96,1.10601265822785,NA,NA,NA
"YGR069W",1,27.84,1.10126582278481,NA,NA,NA
"TEL1",1,22.7,0.890894819466248,NA,NA,NA
"FMP36",1,21.84,0.824929178470255,NA,NA,NA
"VPS38",1,28.64,1.08177525967894,NA,NA,NA
"YSP2",1,31.4,1.18602455146364,NA,NA,NA
"REH1",1,26.48,1.00018885741265,NA,NA,NA
"YLR349W",1,28.52,1.07724268177526,NA,NA,NA
"SWC7",1,24.16,0.912559017941454,NA,NA,NA
"STP3",1,25,0.944287063267233,NA,NA,NA
"GRX8",1,26.12,0.986591123701605,NA,NA,NA
"YLR366W",1,29.23333,1.1054622446155,NA,NA,NA
"AIM20",1,23.24,0.87780925401322,NA,NA,NA
"YMR052CA",1,26.48,1.00018885741265,NA,NA,NA
"ECM32",1,28.84,1.08932955618508,NA,NA,NA
"EMI1",1,26,0.937500112680302,NA,NA,NA
"YDR506C",1,27.45,0.98978377281055,NA,NA,NA
"YIL102C",1,26.95,0.990808823529412,NA,NA,NA
"CDH1",1,14.3,0.540030211480363,NA,NA,NA
"QCR6",1,27.55,1.07115085536547,NA,NA,NA
"RPL40B",1,20.75,0.808132893657111,NA,NA,NA
"RPL41B",1,22,0.856815598094286,NA,NA,NA
"RPL16A",1,23.45,0.91328753524141,NA,NA,NA
"RPL41A",1,21.75,0.847079057206851,NA,NA,NA
"RPL15B",1,20.95,0.815922126367059,NA,NA,NA
"PPA1",1,6.407407,0.346971435564723,NA,NA,NA
"YDR132C",1,35.35,1.42540322580645,NA,NA,NA
"GIS1",1,23.5,0.94758064516129,NA,NA,NA
"BIT61",1,27.15,0.964476021314387,NA,NA,NA
"PUB1",1,16.1,0.611005692599621,NA,NA,NA
"MCA1",1,25.425,0.964895635673624,NA,NA,NA
"HSC82",1,25.1,0.825657894736842,NA,NA,NA
"CPR6",1,26.3,0.865131578947368,NA,NA,NA
"CPR5",1,30.25,0.995065789473684,NA,NA,NA
"CPR2",1,27.25,0.896381578947368,NA,NA,NA
"RIM4",1,31.2,1.07586206896552,NA,NA,NA
"RPS18A",1,23.15385,0.862340782122905,NA,NA,NA
"RPS21B",1,20.225,0.753258845437616,NA,NA,NA
"RPS4A",1,29,1.08007448789572,NA,NA,NA
"LRS4",1,19.95,0.727149464752386,NA,NA,NA
"TOF2",1,20.5,0.747196191850823,NA,NA,NA
"PIP2",1,27.1,0.987756917032064,NA,NA,NA
"DBP7",1,18.45,0.748478701825558,NA,NA,NA
"TIF3",1,15.7,0.636916835699797,NA,NA,NA
"RPS10A",1,21.6,0.876267748478702,NA,NA,NA
"RPS10B",1,21.7,0.880324543610548,NA,NA,NA
"GYP7",1,27.85,1.04014939309057,NA,NA,NA
"GYP6",1,30.525,1.14005602240896,NA,NA,NA
"YJL045W",1,23.5,0.905587668593449,NA,NA,NA
"HST1",1,26.2,0.970969854350816,NA,NA,NA
"PHO3",1,23.1,0.932391523713421,NA,NA,NA
"BRE1",1,17.66667,0.713084561049445,NA,NA,NA
"YFL034W",1,34.9,1.20241171403962,NA,NA,NA
"SGF29",1,24.825,1.00225158392086,NA,NA,NA
"NGG1",1,24.6,0.993167732707072,NA,NA,NA
"CAF130",1,28.4,1.01792114695341,NA,NA,NA
"BUD6",1,32,0.912981455064194,NA,NA,NA
"YDR026C",1,33.95,0.932692307692308,NA,NA,NA
"ADA2",1,10.825,0.32241250930752,NA,NA,NA
"SPT7",1,3.666667,0.10920825018615,NA,NA,NA
"JHD1",1,30.45,0.937644341801386,NA,NA,NA
"YGP1",1,31.125,1.09885260370697,NA,NA,NA
"AMN1",1,30.975,1.09355692850838,NA,NA,NA
"GPA1",1,20.1,0.709620476610768,NA,NA,NA
"DBR1",1,17.44444,0.665818320610687,NA,NA,NA
"THP1",1,25.125,0.942776735459662,NA,NA,NA
"ULA1",1,29.6,1.06379155435759,NA,NA,NA
"YDR109C",1,32.3,1.28685258964143,NA,NA,NA
"PHM8",1,23.625,0.941235059760956,NA,NA,NA
"INO2",1,30.275,1.16107382550336,NA,NA,NA
"ALD5",1,28.2,1.2168284789644,NA,NA,NA
"ALD6",1,23.9,1.03128371089536,NA,NA,NA
"GUT2",1,24.4,0.923368022705771,NA,NA,NA
"DAL7",1,23.075,0.873226111636708,NA,NA,NA
"MLS1",1,26.65,1.0085146641438,NA,NA,NA
"CIT2",1,27.85,1.05392620624409,NA,NA,NA
"CIT1",1,28.025,1.1187624750499,NA,NA,NA
"HSL7",1,28.65,1.12242899118511,NA,NA,NA
"RKM4",1,27.25,1.06758080313418,NA,NA,NA
"RKM2",1,28.575,1.11949069539667,NA,NA,NA
"COR1",1,23.35,1.04008908685969,NA,NA,NA
"GCR2",1,19.575,0.882750845546787,NA,NA,NA
"SNF5",1,27.55,1.06268081002893,NA,NA,NA
"SET5",1,22.85,0.883091787439614,NA,NA,NA
"SET4",1,25.35,0.979710144927536,NA,NA,NA
"THR4",1,3.15,0.118421052631579,NA,NA,NA
"YAF9",1,28.25,1.06203007518797,NA,NA,NA
"IOC2",1,22.6,0.849624060150376,NA,NA,NA
"SPC1",1,27.15,1.02067669172932,NA,NA,NA
"YKE2",1,22.8,0.857142857142857,NA,NA,NA
"BOI1",1,23.7,0.890977443609023,NA,NA,NA
"NIS1",1,31.45,1.10934744268078,NA,NA,NA
"SPS4",1,27.75,0.978835978835979,NA,NA,NA
"NGL2",1,21.9,0.772486772486772,NA,NA,NA
"SUL1",1,29.3,1.03350970017637,NA,NA,NA
"SEO1",1,21.2,0.747795414462081,NA,NA,NA
"YJL021C",1,28.55,1.28748590755355,NA,NA,NA
"YJR008W",1,31.5,1.42051860202931,NA,NA,NA
"ESC1",1,18.5,0.834272829763247,NA,NA,NA
"SCJ1",1,29.9,1.12830188679245,NA,NA,NA
"HRD3",1,28.675,1.08207547169811,NA,NA,NA
"YML013CA",1,21.7,0.862823061630219,NA,NA,NA
"YML010WA",1,28.75,1.14314115308151,NA,NA,NA
"SUR4",1,29.25,1.16302186878728,NA,NA,NA
"PRR1",1,27.95,1.11133200795229,NA,NA,NA
"SSZ1",1,19.95,0.79324055666004,NA,NA,NA
"RTF1",1,19.7,0.783300198807157,NA,NA,NA
"MMS2",1,18.1,0.719681908548708,NA,NA,NA
"DEG1",1,28.1,1.11729622266402,NA,NA,NA
"SVF1",1,15.7,0.624254473161034,NA,NA,NA
"SUR2",1,31.5,1.25248508946322,NA,NA,NA
"FYV1",1,27.9,1.10934393638171,NA,NA,NA
"AUS1",1,34.65,1.31499051233397,NA,NA,NA
"GIM4",1,24.45,0.964497041420118,NA,NA,NA
"UBX2",1,21.6,0.85207100591716,NA,NA,NA
"SUB1",1,22.9,0.916,NA,NA,NA
"GET1",1,27.3,1.16170212765957,NA,NA,NA
"URH1",1,24.3,1.03404255319149,NA,NA,NA
"EGD2",1,20,0.775945683802134,NA,NA,NA
"ALG5",1,31.2,1.14076782449726,NA,NA,NA
"VID24",1,14.94872,0.521315431560593,NA,NA,NA
"VPS54",1,27.375,0.954664341761116,NA,NA,NA
"GYP1",1,29.275,1.02092414995641,NA,NA,NA
"STE50",1,23.1,0.911242603550296,NA,NA,NA
"STE7",1,25.6,1.00986193293886,NA,NA,NA
"TEC1",1,23.95,0.944773175542406,NA,NA,NA
"KSS1",1,28.15,1.11045364891519,NA,NA,NA
"CYT2",1,24.9,1.08013706028336,NA,NA,NA
"YHP1",1,21.2,0.786641929499072,NA,NA,NA
"SWC3",1,21.25,0.788497217068646,NA,NA,NA
"PFA5",1,21.9,0.812615955473098,NA,NA,NA
"PFA4",1,23.75,0.88126159554731,NA,NA,NA
"PFA3",1,20.4,0.7569573283859,NA,NA,NA
"KIN2",1,27.15,1.00742115027829,NA,NA,NA
"FIG4",1,17.3,0.641929499072356,NA,NA,NA
"RPS6B",1,23.35,1.03777777777778,NA,NA,NA
"WHI4",1,19,0.844444444444444,NA,NA,NA
"WHI3",1,17.6,0.782222222222222,NA,NA,NA
"NAM8",1,25.15,1.11777777777778,NA,NA,NA
"DYN1",1,17.8,0.791111111111111,NA,NA,NA
"SMY1",1,21.1,0.937777777777778,NA,NA,NA
"KAR3",1,10.85,0.482222222222222,NA,NA,NA
"CIN8",1,24.15,1.07333333333333,NA,NA,NA
"HSP82",1,27.1,1.00092336103416,NA,NA,NA
"ALB1",1,35.05,1.27454545454545,NA,NA,NA
"SKI2",1,32.9,1.19636363636364,NA,NA,NA
"RSA3",1,31.45,1.14363636363636,NA,NA,NA
"RSA1",1,22.45,0.816363636363636,NA,NA,NA
"HCR1",1,25.45,0.925454545454545,NA,NA,NA
"VRP1",1,13.7,0.51310861423221,NA,NA,NA
"AGA1",1,26.85,1.00561797752809,NA,NA,NA
"BBC1",1,28.65,1.07303370786517,NA,NA,NA
"SLM2",1,28.45,1.17440660474716,NA,NA,NA
"SLM1",1,23.4,0.96594427244582,NA,NA,NA
"YNR004W",1,27.15,1.12074303405573,NA,NA,NA
"SFB2",1,27.2,1.12280701754386,NA,NA,NA
"YIP3",1,29.35,1.21155830753354,NA,NA,NA
"ERV14",1,23.35,0.963880288957688,NA,NA,NA
"RER1",1,25.95,1.07120743034056,NA,NA,NA
"ELP2",1,26.9,1.11042311661507,NA,NA,NA
"EMP46",1,18.35,0.757481940144479,NA,NA,NA
"ERP2",1,20.65,0.852425180598555,NA,NA,NA
"ERV46",1,27.55,1.13725490196078,NA,NA,NA
"FEN1",1,24.7,1.01022494887526,NA,NA,NA
"STB3",1,22.85,0.934560327198364,NA,NA,NA
"EMP70",1,18.1,0.740286298568507,NA,NA,NA
"OXA1",1,24.2,1.04989154013015,NA,NA,NA
"QCR7",1,15.75,0.683297180043384,NA,NA,NA
"FPR4",1,30.6,1.32754880694143,NA,NA,NA
"SRP40",1,24.15,1.04772234273319,NA,NA,NA
"FPR3",1,25.65,1.11279826464208,NA,NA,NA
"ODC2",1,24.8,1.07592190889371,NA,NA,NA
"NSR1",1,16.9,0.733188720173536,NA,NA,NA
"EAF7",1,20.2,0.844305120167189,NA,NA,NA
"YPT7",1,20.85,0.871473354231975,NA,NA,NA
"YPL150W",1,26.55,1.10971786833856,NA,NA,NA
"YSP3",1,24.1,1.0073145245559,NA,NA,NA
"CLA4",1,11.55,0.482758620689655,NA,NA,NA
"TMA23",1,24.95,1.04284221525601,NA,NA,NA
"CYC3",1,23.7,1.06997742663657,NA,NA,NA
"GIN4",1,26.65,1.20316027088036,NA,NA,NA
"TPK1",1,23.45,1.05869074492099,NA,NA,NA
"YOX1",1,22.7,0.81508078994614,NA,NA,NA
"AYR1",1,26.15,0.938958707360862,NA,NA,NA
"BYE1",1,23.95,0.859964093357271,NA,NA,NA
"AIM25",1,28.25,1.01436265709156,NA,NA,NA
"YIR035C",1,24.05,0.863554757630162,NA,NA,NA
"PEX10",1,28.2,1.01256732495512,NA,NA,NA
"FOX2",1,20.45,0.734290843806104,NA,NA,NA
"CTI6",1,26.15,0.938958707360862,NA,NA,NA
"SWD1",1,23.7,0.850987432675045,NA,NA,NA
"FUR4",1,26.35,0.958181818181818,NA,NA,NA
"UGA4",1,26,0.945454545454545,NA,NA,NA
"BAP3",1,25.3,0.92,NA,NA,NA
"BAP2",1,28.5,1.03636363636364,NA,NA,NA
"AGP3",1,27,0.981818181818182,NA,NA,NA
"MEP3",1,30.35,1.10363636363636,NA,NA,NA
"ALP1",1,29.65,1.07818181818182,NA,NA,NA
"VBA1",1,28.95,0.980481143603402,NA,NA,NA
"AVT7",1,28.05,0.949999864527649,NA,NA,NA
"AVT6",1,33.35,1.12950073019597,NA,NA,NA
"AVT5",1,29.85,1.01096242267916,NA,NA,NA
"AVT4",1,21.65,0.73324410221118,NA,NA,NA
"AVT3",1,30.3,1.02620306221703,NA,NA,NA
"AVT1",1,30.15,1.02112284903774,NA,NA,NA
"VPS33",1,26.4,0.894117519555434,NA,NA,NA
"VPS16",1,4.25,0.196759259259259,NA,NA,NA
"PEP5",1,13.85,0.641203703703704,NA,NA,NA
"PEP3",1,16.2,0.75,NA,NA,NA
"ISC1",1,11.65,0.422101449275362,NA,NA,NA
"LIP2",1,32.85,1.03383162863887,NA,NA,NA
"ISA2",1,35.45,1.11565696302124,NA,NA,NA
"PRY1",1,31.35,0.986624704956727,NA,NA,NA
"PRO1",1,15.75,0.6872726273058,NA,NA,NA
"ARG2",1,15.45,0.674181720119023,NA,NA,NA
"ASN2",1,28.75,1.25454527206614,NA,NA,NA
"IMP2",1,24.95,0.928482992759321,NA,NA,NA
"COX18",1,28.9,1.07547729421821,NA,NA,NA
"ISA1",1,28.2,1.04942767117486,NA,NA,NA
"IMP1",1,19.6,0.729389445213735,NA,NA,NA
"CBP3",1,20,0.744274944095648,NA,NA,NA
"HTD2",1,23.5,0.857664233576642,NA,NA,NA
"MDM32",1,22.85,0.833941605839416,NA,NA,NA
"TIM21",1,22.95,0.837591240875912,NA,NA,NA
"MFB1",1,22.7,0.828467153284672,NA,NA,NA
"NQM1",1,18.85,0.694290976058932,NA,NA,NA
"PHO5",1,26.875,0.804038893044129,NA,NA,NA
"NUP120",1,13.3,0.397905759162304,NA,NA,NA
"MCH2",1,20.925,0.62602842183994,NA,NA,NA
"LRG1",1,31.325,0.93717277486911,NA,NA,NA
"ESBP6",1,23.825,0.712789827973074,NA,NA,NA
"DEP1",1,27.125,0.81151832460733,NA,NA,NA
"CLU1",1,28.325,0.847419596110696,NA,NA,NA
"CCH1",1,22.325,0.667913238593867,NA,NA,NA
"TRM11",1,29.45,0.854242204496012,NA,NA,NA
"LDB18",1,16.1,0.533112582781457,NA,NA,NA
"LDB17",1,16.6,0.549668874172185,NA,NA,NA
"LDB16",1,19.3,0.639072847682119,NA,NA,NA
"ATP12",1,6.65,0.202435312024353,NA,NA,NA
"ATP10",1,26.35,0.802130898021309,NA,NA,NA
"ATP15",1,21.55,0.656012176560122,NA,NA,NA
"NCA2",1,29.25,0.89041095890411,NA,NA,NA
"RAD27",1,17.7,0.635547576301616,NA,NA,NA
"MHR1",1,34.45,1.09752208504347,NA,NA,NA
"MEC3",1,23.7,0.755044221060381,NA,NA,NA
"COX23",1,30.15,1.37671232876712,NA,NA,NA
"YPT11",1,30.3,1.18590998043053,NA,NA,NA
"FRE7",1,23.05,0.778716216216216,NA,NA,NA
"ENB1",1,24.05,0.8125,NA,NA,NA
"ELM1",1,3.55,0.119932432432432,NA,NA,NA
"PKP2",1,32.65,1.15677590788308,NA,NA,NA
"PKP1",1,36.675,1.29937998228521,NA,NA,NA
"ACS1",1,24.25,1.05549510337323,NA,NA,NA
"QCR10",1,26.6,0.90940170940171,NA,NA,NA
"CYC8",1,21.75,0.743589743589744,NA,NA,NA
"CYC7",1,26.75,0.914529914529915,NA,NA,NA
"CYC2",1,25,0.854700854700855,NA,NA,NA
"CYB5",1,23.15,0.791452991452991,NA,NA,NA
"CYB2",1,25.7,0.878632478632479,NA,NA,NA
"BTN2",1,25.7,0.878632478632479,NA,NA,NA
"YHB1",1,31.3,1.13921747042766,NA,NA,NA
"HMX1",1,28.9,1.24034334763948,NA,NA,NA
"NDE2",1,23.85,0.817480719794345,NA,NA,NA
"ADR1",1,21.85,0.643643380915812,NA,NA,NA
"YNL305C",1,33.75,0.994186000270419,NA,NA,NA
"ABF2",1,24.8,0.937618147448015,NA,NA,NA
"HCM1",1,21.3,0.805293005671078,NA,NA,NA
"NHA1",1,21.85,0.769047746426128,NA,NA,NA
"AIM21",1,29.5,1.03830244940827,NA,NA,NA
"AIM29",1,29,1.02070410280813,NA,NA,NA
"AIM44",1,31.45,1.10693600114882,NA,NA,NA
"AIM45",1,33.35,1.17380971822935,NA,NA,NA
"AIM9",1,31.15,1.09637699318874,NA,NA,NA
"TOM6",1,28,0.901771336553945,NA,NA,NA
"GAD1",1,30.3,0.975845410628019,NA,NA,NA
"TRX1",1,25.8,0.830917874396135,NA,NA,NA
"MCR1",1,24.25,0.780998389694042,NA,NA,NA
"TSA2",1,28.25,0.909822866344605,NA,NA,NA
"CTA1",1,28.3,0.911433172302738,NA,NA,NA
"POL24",2,30.5625,1.02331348029329,0.654073772597555,0.0936757506433925,0.0915415974160181
"PRX1",1,24.1,1.01473684210526,NA,NA,NA
"AHP1",1,23.65,0.99578947368421,NA,NA,NA
"CCP1",1,24.3,1.02315789473684,NA,NA,NA
"GPX1",1,20.3,0.854736842105263,NA,NA,NA
"PEX13",1,22.7,0.955789473684211,NA,NA,NA
"ICY1",1,23.7,0.890140845070422,NA,NA,NA
"FPR1",1,21.65,0.751736111111111,NA,NA,NA
"EXO1",1,23.35,1.06987399770905,NA,NA,NA
"RAD9",1,21.15,0.969072164948454,NA,NA,NA
"RAD54",1,28.4,1.30126002290951,NA,NA,NA
"ATG11",1,28.35,1.33098591549296,NA,NA,NA
"YCR087CA",1,21.15,0.829411764705882,NA,NA,NA
"ACE2",1,3,0.117647058823529,NA,NA,NA
"ECM10",1,20.84615,0.722570190641248,NA,NA,NA
"TRX2",1,30.575,1.23535353535354,NA,NA,NA
"MNL1",1,30.975,0.975590551181102,NA,NA,NA
"MEF1",1,35.75,1.60313901345291,NA,NA,NA
"RGD1",1,23.55,0.942,NA,NA,NA
"HCS1",1,26.45,1.058,NA,NA,NA
"RAD26",1,21.125,1.05889724310777,NA,NA,NA
"UNG1",1,26,1.1529933481153,NA,NA,NA
"GEF1",1,26.95,1.00185873605948,NA,NA,NA
"VTC4",1,26.9,1,NA,NA,NA
"PCT1",1,20.925,0.717838765008576,NA,NA,NA
"CPT1",1,26.475,0.908233276157805,NA,NA,NA
"CKI1",1,25.025,0.858490566037736,NA,NA,NA
"EKI1",1,27.7037,0.950384219554031,NA,NA,NA
"UBI4",1,33.2,1.03588143525741,NA,NA,NA
"UFD2",1,26.925,0.915816326530612,NA,NA,NA
"DOA1",1,21.7,0.738095238095238,NA,NA,NA
"CSR2",1,31.12821,1.05519355932203,NA,NA,NA
"ROD1",1,27.6,0.935593220338983,NA,NA,NA
"ALY2",1,31.825,1.07881355932203,NA,NA,NA
"ECM21",1,32.075,1.08728813559322,NA,NA,NA
"LDB19",1,8.461538,0.286831796610169,NA,NA,NA
"GSH2",1,23.8,1.0280777537797,NA,NA,NA
"GLR1",1,22.7,0.980561555075594,NA,NA,NA
"PUF3",1,22.89744,1.13353663366337,NA,NA,NA
"MET28",1,26.9,1.07385229540918,NA,NA,NA
"DRS2",1,6.921053,0.250083215898826,NA,NA,NA
"DNF2",1,33.675,1.21680216802168,NA,NA,NA
"DAL5",1,26.775,0.970108695652174,NA,NA,NA
"VPS17",1,26.51724,1.09726495210139,NA,NA,NA
"PEP8",1,29.12,1.20496535103926,NA,NA,NA
"SMF3",1,27.9,1.01305203165951,NA,NA,NA
"FRA1",1,30.8,1.11835134677824,NA,NA,NA
"FIT3",1,18.5,0.671737010240177,NA,NA,NA
"FIT1",1,27.7,1.00579000992718,NA,NA,NA
"FET5",1,28.3,1.02757607512416,NA,NA,NA
"FRE6",1,25.6,0.929538781737758,NA,NA,NA
"ECM13",1,23.3,0.861367837338262,NA,NA,NA
"FUI1",1,32.95,1.2181146025878,NA,NA,NA
"YBL036C",1,32.75,1.21072088724584,NA,NA,NA
"SHE1",1,25.3,0.935304990757856,NA,NA,NA
"APN2",1,27.7,1.02402957486137,NA,NA,NA
"SCT1",1,26.95,0.99630314232902,NA,NA,NA
"ALK2",1,29.95,1.10720887245841,NA,NA,NA
"YGR228W",1,29.7,1.09796672828096,NA,NA,NA
"YGR226C",1,30.65,1.13308687615527,NA,NA,NA
"AMA1",1,29.1,1.07578558225508,NA,NA,NA
"YFR057W",1,28.7,1.06099815157116,NA,NA,NA
"IRC5",1,28.7,1.06099815157116,NA,NA,NA
"YER188W",1,28.4,1.04990757855823,NA,NA,NA
"ARX1",1,24.36,0.973057958463687,NA,NA,NA
"RHR2",1,24.65217,0.928324237937366,NA,NA,NA
"MNT3",1,27.6,1.3230087519905,NA,NA,NA
"ALE1",1,23.5,1.1474609375,NA,NA,NA
"YIL001W",1,32.48,1.1768115942029,NA,NA,NA
"DPL1",1,22.52,0.815942028985507,NA,NA,NA
"MPC54",1,32.2,1.13540197461213,NA,NA,NA
"YRM1",1,29.92,1.05500705218618,NA,NA,NA
"DCI1",1,29.04,1.02397743300423,NA,NA,NA
"SYC1",1,27.6,0.973201692524683,NA,NA,NA
"SWT1",1,31.28,1.10296191819464,NA,NA,NA
"SIA1",1,30.92,1.09026798307475,NA,NA,NA
"ORT1",1,28.08,0.990126939351199,NA,NA,NA
"SFL1",1,23.36,0.823695345557123,NA,NA,NA
"CLB1",1,23.96,0.844851904090268,NA,NA,NA
"TPC1",1,21.64,0.763046544428773,NA,NA,NA
"CLB6",1,22.88,0.806770098730606,NA,NA,NA
"YGR064W",1,25.2,0.888575458392102,NA,NA,NA
"ADE6",1,26.2,0.923836389280677,NA,NA,NA
"YHR138C",1,26.04,0.990867579908676,NA,NA,NA
"YHR126C",1,23,0.875190258751903,NA,NA,NA
"TRR2",1,24.16,0.919330289193303,NA,NA,NA
"YNR062C",1,24.88,0.891401309371071,NA,NA,NA
"YNR061C",1,27.48,0.984554179321424,NA,NA,NA
"FMP27",1,23.96,0.858439524619408,NA,NA,NA
"YLR460C",1,19.04,0.682165632251816,NA,NA,NA
"PAU4",1,29.96,1.0734076860433,NA,NA,NA
"RIF2",1,23.64,0.846974556010134,NA,NA,NA
"DIF1",1,21.48,0.769586017897533,NA,NA,NA
"IMD3",1,26.16,0.937261183808168,NA,NA,NA
"CNA1",1,25.08,0.898566914751868,NA,NA,NA
"ECM30",1,28.56,1.02324844837772,NA,NA,NA
"YLR444C",1,21.88,0.783917228659125,NA,NA,NA
"ATG23",1,25.92,0.928662457351213,NA,NA,NA
"YLR428C",1,27.52,0.985987300397584,NA,NA,NA
"TMA7",1,26.92,0.964490484255194,NA,NA,NA
"YOR008CA",1,27.56,0.987420421473743,NA,NA,NA
"TGL4",1,24.12,0.864172008924045,NA,NA,NA
"YFT2",1,30.32,1.1374063384144,NA,NA,NA
"MCM21",1,27.38235,1.23418025327821,NA,NA,NA
"HIM1",1,27.72,1.03987149409126,NA,NA,NA
"ASP1",1,31.84,1.19442670894177,NA,NA,NA
"YDR306C",1,28.72,1.07738489575401,NA,NA,NA
"HDA2",1,33.76,1.26645244013424,NA,NA,NA
"YDR286C",1,28.2,1.05787792688938,NA,NA,NA
"PHM6",1,30.68,1.15091116301299,NA,NA,NA
"YDR266C",1,32.72,1.22743850240498,NA,NA,NA
"SWM1",1,30.52,1.14490901874695,NA,NA,NA
"PAM1",1,30.08,1.12840312201534,NA,NA,NA
"BUB1",1,7.695652,0.28974593373494,NA,NA,NA
"YFR016C",1,24.5,1.08194329380634,NA,NA,NA
"SIP18",1,18.6,0.660354951437284,NA,NA,NA
"PAI3",1,28.71429,1.01679497167139,NA,NA,NA
"RPS16A",1,23.16667,1.04668705522395,NA,NA,NA
"RPS18B",1,24.8,0.830820770519263,NA,NA,NA
"YOR1",1,21.85,0.919612794612795,NA,NA,NA
"VMR1",1,23.15,0.941056910569106,NA,NA,NA
"SWF1",1,19.7,0.707784515902337,NA,NA,NA
"YDR090C",1,24.95,0.903985507246377,NA,NA,NA
"GCY1",1,25.05,1.00683279742765,NA,NA,NA
"CEX1",1,25.8,0.946788990825688,NA,NA,NA
"YDR417C",1,28.45,1.25330396475771,NA,NA,NA
"SIF2",1,27.7,1.01539589442815,NA,NA,NA
"YOR302W",1,22.6,1.13682092555332,NA,NA,NA
"MOD5",1,24.45,0.9375,NA,NA,NA
"NAM2",1,25.1,0.975894245723173,NA,NA,NA
"ERF2",1,26.05,1.06239804241436,NA,NA,NA
"SSK22",1,26.25,1.07055464926591,NA,NA,NA
"PPS1",1,24.55,0.958984375,NA,NA,NA
"SSK2",1,27.1,0.980463096960926,NA,NA,NA
"HEF3",1,24.4,1.07647042993082,NA,NA,NA
"YGR011W",1,28.2,1.00930565497495,NA,NA,NA
"YGL235W",1,31.93333,1.14292519685039,NA,NA,NA
"YGL217C",1,29.3,1.0486757337151,NA,NA,NA
"YGL214W",1,31.43333,1.12502970651396,NA,NA,NA
"DHH1",1,21.15,0.824882995319813,NA,NA,NA
"DUN1",1,19.75,0.751522070015221,NA,NA,NA
"CSM1",1,16.875,0.617720507003029,NA,NA,NA
"YDR018C",1,26.3,1.02574102964119,NA,NA,NA
"ASF1",1,9.041667,0.348650443271265,NA,NA,NA
"YTA7",1,22.55,0.910743134087238,NA,NA,NA
"PRY2",1,24.35,0.914039039039039,NA,NA,NA
"NPL3",1,13.35,0.515046296296296,NA,NA,NA
"SIZ1",1,23.1,0.891203703703704,NA,NA,NA
"KRE27",1,26.35,1.12223168654174,NA,NA,NA
"IMH1",1,25.76667,1.22072429526869,NA,NA,NA
"MRS3",1,22.75,0.892857142857143,NA,NA,NA
"RUD3",1,23.7,0.920031055900621,NA,NA,NA
"COY1",1,28.65,1.08522727272727,NA,NA,NA
"AAT1",1,26.20833,0.996935587618952,NA,NA,NA
"CCW12",1,24.75758,1.1245583769165,NA,NA,NA
"STM1",1,24.20833,0.980888573743922,NA,NA,NA
"ATP18",1,20.75,0.831815020374457,NA,NA,NA
"PUT4",1,30.17391,1.07763964285714,NA,NA,NA
"VPS41",1,18.68966,0.770178190909589,NA,NA,NA
"VPS45",1,20.83333,0.908958551483421,NA,NA,NA
"FAB1",1,10.625,0.46195652173913,NA,NA,NA
"VMA3",1,3.111111,0.1116093632287,NA,NA,NA
"DOC1",1,11.79167,0.375265337713249,NA,NA,NA
"YIM1",1,25.25,0.942324163244133,NA,NA,NA
"ILM1",1,8.325581,0.269727217092093,NA,NA,NA
"OMA1",1,11.70833,0.424899004048548,NA,NA,NA
"SSQ1",1,17.86047,0.65762402201252,NA,NA,NA
"TOP1",1,15.875,0.526359416445623,NA,NA,NA
"ATP4",1,27.85417,1.09109793458858,NA,NA,NA
"ATG6",1,2.56,0.0978032473734479,NA,NA,NA
"IRA2",1,11.86957,0.409295517241379,NA,NA,NA
"EST3",1,7.970588,0.343332222001104,NA,NA,NA
"EST2",1,11.04167,0.352393760892953,NA,NA,NA
"GPX2",1,26.96552,0.882187035748415,NA,NA,NA
"CTT1",1,24.90698,0.946633570381485,NA,NA,NA
"IFM1",1,23.91667,0.869065043604651,NA,NA,NA
"AFT2",1,27.375,1.02839883466916,NA,NA,NA
"ECM18",1,25.83333,0.949754779411765,NA,NA,NA
"YDR102C",1,25.6,0.941176470588235,NA,NA,NA
"SWA2",1,25.8,0.918149466192171,NA,NA,NA
"DPP1",1,31.88571,1.25581359627703,NA,NA,NA
"RNH202",1,24.4,0.868327402135231,NA,NA,NA
"PMP3",1,27.45,0.976868327402135,NA,NA,NA
"RTT103",1,22.75,0.809608540925267,NA,NA,NA
"YDR249C",1,24.1,0.857651245551601,NA,NA,NA
"VBA4",1,29.55,1.07129922311773,NA,NA,NA
"MSN5",1,30.16,1.02306648575305,NA,NA,NA
"YDR278C",1,31.36,1.06377204884668,NA,NA,NA
"RPL1A",1,26.22857,1.08901151143358,NA,NA,NA
"RPL18B",1,27.56,1.14344700313992,NA,NA,NA
"SNF11",1,30.53333,1.07385698403951,NA,NA,NA
"TAE1",1,33.05,1.18671454219031,NA,NA,NA
"YBR259W",1,28.1,1.04151223128243,NA,NA,NA
"NFT1",1,26.1,0.999234303215927,NA,NA,NA
"MFA1",1,23.25,0.95482546201232,NA,NA,NA
"SLF1",1,25.5,1.04722792607803,NA,NA,NA
"YLR352W",1,22.65,0.906659322659438,NA,NA,NA
"ECM19",1,23.2,0.952772073921971,NA,NA,NA
"NIT3",1,27.75,1.13963039014374,NA,NA,NA
"MDM30",1,27.24,1.03070275841637,NA,NA,NA
"KTR7",1,26.6,1.09240246406571,NA,NA,NA
"FKH1",1,29.85,1.20169082125604,NA,NA,NA
"VPS55",1,26.75,1.09856262833676,NA,NA,NA
"DJP1",1,27.1,1.08478885845787,NA,NA,NA
"PUG1",1,25.6,1.05133470225873,NA,NA,NA
"YMR057C",1,27.775,1.1118085071464,NA,NA,NA
"FAU1",1,24.75,1.01642710472279,NA,NA,NA
"FMP10",1,23.15,0.950718685831622,NA,NA,NA
"YER181C",1,26.025,1.04175756610207,NA,NA,NA
"YGK3",1,25.45,1.06041666666667,NA,NA,NA
"GAS1",1,18.55,0.769071310116086,NA,NA,NA
"YBR255",1,32.6,1.18978102189781,NA,NA,NA
"PCL5",1,22.15,0.856038647342995,NA,NA,NA
"YIR016W",1,30.31579,0.965632777974909,NA,NA,NA
"ZWF14",1,24.875,1.10678531701891,NA,NA,NA
"ZWF13",1,28.825,1.2825361512792,NA,NA,NA
"FHL1",1,26.15,1.13819368879217,NA,NA,NA
"HSP40",1,13.74359,0.485210591350397,NA,NA,NA
"POL3_01",1,17.85,0.567567567567568,NA,NA,NA
"POL3",1,17.7,0.621597892888499,NA,NA,NA
"VMA16",1,6.2,0.291079812206573,NA,NA,NA
"VMA10",1,5.307692,0.249187417840376,NA,NA,NA
"VMA11",1,4.897436,0.229926572769953,NA,NA,NA
"SHU1",1,31.4,1.23137254901961,NA,NA,NA
"IRC3",1,31.05,1.21764705882353,NA,NA,NA
"GAT4",1,29.3,1.14901960784314,NA,NA,NA
"YOR333C",1,28.7,1.12549019607843,NA,NA,NA
"YOR331C",1,25.65,1.00588235294118,NA,NA,NA
"LOH1",1,32.95,1.2921568627451,NA,NA,NA
"YIR014W",1,31,1.2156862745098,NA,NA,NA
"YIR007W",1,30.3,1.18823529411765,NA,NA,NA
"RSP5WW1WW3",1,8.282051,0.588422806394316,NA,NA,NA
"RSP5WW1WW2",1,16.125,1.14564831261101,NA,NA,NA
